"2023-10-09T17:32:55-0300,btc_mxn,501590.0,501610.0,0.0"
"2023-10-09T17:32:55-0300,usd_mxn,18.182,18.184,0.01"
"2023-10-09T17:32:56-0300,btc_mxn,501590.0,501610.0,0.0"
"2023-10-09T17:32:56-0300,usd_mxn,18.182,18.184,0.01"
"2023-10-09T17:32:57-0300,btc_mxn,501590.0,501610.0,0.0"
"2023-10-09T17:32:58-0300,usd_mxn,18.182,18.184,0.01"
"2023-10-09T17:32:58-0300,btc_mxn,501590.0,501610.0,0.0"
"2023-10-09T17:32:58-0300,usd_mxn,18.182,18.184,0.01"
"2023-10-09T17:32:59-0300,btc_mxn,501590.0,501610.0,0.0"
"2023-10-09T17:32:59-0300,usd_mxn,18.182,18.184,0.01"
"2023-10-09T17:33:00-0300,btc_mxn,501590.0,501610.0,0.0"
"2023-10-09T17:33:00-0300,usd_mxn,18.182,18.184,0.01"
"2023-10-09T17:33:01-0300,btc_mxn,501590.0,501610.0,0.0"
"2023-10-09T17:33:01-0300,usd_mxn,18.182,18.184,0.01"
"2023-10-09T17:33:02-0300,btc_mxn,501590.0,501610.0,0.0"
"2023-10-09T17:33:02-0300,usd_mxn,18.182,18.184,0.01"
"2023-10-09T17:33:02-0300,btc_mxn,501590.0,501610.0,0.0"
"2023-10-09T17:33:03-0300,usd_mxn,18.182,18.184,0.01"
"2023-10-09T17:33:03-0300,btc_mxn,501590.0,501610.0,0.0"
"2023-10-09T17:33:03-0300,usd_mxn,18.182,18.184,0.01"
"2023-10-09T17:33:04-0300,btc_mxn,501590.0,501610.0,0.0"
"2023-10-09T17:33:04-0300,usd_mxn,18.182,18.184,0.01"
"2023-10-09T17:33:05-0300,btc_mxn,501590.0,501610.0,0.0"
"2023-10-09T17:33:05-0300,usd_mxn,18.182,18.184,0.01"
"2023-10-09T17:33:05-0300,btc_mxn,501590.0,501610.0,0.0"
"2023-10-09T17:33:06-0300,usd_mxn,18.182,18.184,0.01"
"2023-10-09T17:33:06-0300,btc_mxn,501590.0,501610.0,0.0"
"2023-10-09T17:33:07-0300,usd_mxn,18.182,18.184,0.01"
"2023-10-09T17:33:07-0300,btc_mxn,501590.0,501610.0,0.0"
"2023-10-09T17:33:07-0300,usd_mxn,18.182,18.184,0.01"
"2023-10-09T17:33:08-0300,btc_mxn,501590.0,501610.0,0.0"
"2023-10-09T17:33:08-0300,usd_mxn,18.182,18.184,0.01"
"2023-10-09T17:33:09-0300,btc_mxn,501590.0,501610.0,0.0"
"2023-10-09T17:33:09-0300,usd_mxn,18.182,18.184,0.01"
"2023-10-09T17:33:10-0300,btc_mxn,501590.0,501610.0,0.0"
"2023-10-09T17:33:10-0300,usd_mxn,18.182,18.184,0.01"
"2023-10-09T17:33:11-0300,btc_mxn,501590.0,501610.0,0.0"
"2023-10-09T17:33:11-0300,usd_mxn,18.182,18.184,0.01"
"2023-10-09T17:33:12-0300,btc_mxn,501590.0,501610.0,0.0"
"2023-10-09T17:33:12-0300,usd_mxn,18.182,18.184,0.01"
"2023-10-09T17:33:13-0300,btc_mxn,501590.0,501610.0,0.0"
"2023-10-09T17:33:13-0300,usd_mxn,18.182,18.184,0.01"
"2023-10-09T17:33:14-0300,btc_mxn,501590.0,501610.0,0.0"
"2023-10-09T17:33:14-0300,usd_mxn,18.182,18.184,0.01"
"2023-10-09T17:33:15-0300,btc_mxn,501590.0,501610.0,0.0"
"2023-10-09T17:33:15-0300,usd_mxn,18.182,18.184,0.01"
"2023-10-09T17:33:16-0300,btc_mxn,501590.0,501610.0,0.0"
"2023-10-09T17:33:16-0300,usd_mxn,18.182,18.184,0.01"
"2023-10-09T17:33:17-0300,btc_mxn,501590.0,501610.0,0.0"
"2023-10-09T17:33:17-0300,usd_mxn,18.182,18.184,0.01"
"2023-10-09T17:33:18-0300,btc_mxn,501590.0,501610.0,0.0"
"2023-10-09T17:33:18-0300,usd_mxn,18.182,18.184,0.01"
"2023-10-09T17:33:19-0300,btc_mxn,501590.0,501610.0,0.0"
"2023-10-09T17:33:19-0300,usd_mxn,18.182,18.184,0.01"
"2023-10-09T17:33:20-0300,btc_mxn,501590.0,501610.0,0.0"
"2023-10-09T17:33:20-0300,usd_mxn,18.182,18.184,0.01"
"2023-10-09T17:33:21-0300,btc_mxn,501590.0,501610.0,0.0"
"2023-10-09T17:33:21-0300,usd_mxn,18.182,18.184,0.01"
"2023-10-09T17:33:22-0300,btc_mxn,501590.0,501610.0,0.0"
"2023-10-09T17:33:22-0300,usd_mxn,18.182,18.184,0.01"
"2023-10-09T17:33:23-0300,btc_mxn,501590.0,501610.0,0.0"
"2023-10-09T17:33:23-0300,usd_mxn,18.182,18.184,0.01"
"2023-10-09T17:33:24-0300,btc_mxn,501590.0,501610.0,0.0"
"2023-10-09T17:33:24-0300,usd_mxn,18.182,18.184,0.01"
"2023-10-09T17:33:24-0300,btc_mxn,501590.0,501610.0,0.0"
"2023-10-09T17:33:25-0300,usd_mxn,18.182,18.184,0.01"
"2023-10-09T17:33:25-0300,btc_mxn,501590.0,501610.0,0.0"
"2023-10-09T17:33:26-0300,usd_mxn,18.182,18.184,0.01"
"2023-10-09T17:33:26-0300,btc_mxn,501590.0,501610.0,0.0"
"2023-10-09T17:33:27-0300,usd_mxn,18.182,18.184,0.01"
"2023-10-09T17:33:27-0300,btc_mxn,501590.0,501610.0,0.0"
"2023-10-09T17:33:27-0300,usd_mxn,18.182,18.184,0.01"
"2023-10-09T17:33:28-0300,btc_mxn,501590.0,501610.0,0.0"
"2023-10-09T17:33:28-0300,usd_mxn,18.182,18.184,0.01"
"2023-10-09T17:33:29-0300,btc_mxn,501590.0,501610.0,0.0"
"2023-10-09T17:33:29-0300,usd_mxn,18.182,18.184,0.01"
"2023-10-09T17:33:30-0300,btc_mxn,501590.0,501610.0,0.0"
"2023-10-09T17:33:30-0300,usd_mxn,18.182,18.184,0.01"
"2023-10-09T17:33:31-0300,btc_mxn,501590.0,501610.0,0.0"
"2023-10-09T17:33:31-0300,usd_mxn,18.182,18.184,0.01"
"2023-10-09T17:33:32-0300,btc_mxn,501590.0,501610.0,0.0"
"2023-10-09T17:33:32-0300,usd_mxn,18.182,18.184,0.01"
"2023-10-09T17:33:33-0300,btc_mxn,501590.0,501610.0,0.0"
"2023-10-09T17:33:33-0300,usd_mxn,18.182,18.184,0.01"
"2023-10-09T17:33:33-0300,btc_mxn,501590.0,501610.0,0.0"
"2023-10-09T17:33:34-0300,usd_mxn,18.182,18.184,0.01"
"2023-10-09T17:33:34-0300,btc_mxn,501590.0,501610.0,0.0"
"2023-10-09T17:33:35-0300,usd_mxn,18.182,18.184,0.01"
"2023-10-09T17:33:35-0300,btc_mxn,501590.0,501610.0,0.0"
"2023-10-09T17:33:35-0300,usd_mxn,18.182,18.184,0.01"
"2023-10-09T17:33:36-0300,btc_mxn,501590.0,501610.0,0.0"
"2023-10-09T17:33:36-0300,usd_mxn,18.182,18.184,0.01"
"2023-10-09T17:33:37-0300,btc_mxn,501590.0,501610.0,0.0"
"2023-10-09T17:33:37-0300,usd_mxn,18.182,18.184,0.01"
"2023-10-09T17:33:38-0300,btc_mxn,501590.0,501610.0,0.0"
"2023-10-09T17:33:38-0300,usd_mxn,18.182,18.184,0.01"
"2023-10-09T17:33:39-0300,btc_mxn,501590.0,501610.0,0.0"
"2023-10-09T17:33:39-0300,usd_mxn,18.182,18.184,0.01"
"2023-10-09T17:33:40-0300,btc_mxn,501590.0,501610.0,0.0"
"2023-10-09T17:33:40-0300,usd_mxn,18.182,18.184,0.01"
"2023-10-09T17:33:41-0300,btc_mxn,501590.0,501610.0,0.0"
"2023-10-09T17:33:41-0300,usd_mxn,18.182,18.184,0.01"
"2023-10-09T17:33:42-0300,btc_mxn,501590.0,501610.0,0.0"
"2023-10-09T17:33:43-0300,usd_mxn,18.182,18.184,0.01"
"2023-10-09T17:33:43-0300,btc_mxn,501590.0,501610.0,0.0"
"2023-10-09T17:33:43-0300,usd_mxn,18.182,18.184,0.01"
"2023-10-09T17:33:44-0300,btc_mxn,501590.0,501610.0,0.0"
"2023-10-09T17:33:44-0300,usd_mxn,18.182,18.184,0.01"
"2023-10-09T17:33:45-0300,btc_mxn,501590.0,501610.0,0.0"
"2023-10-09T17:33:45-0300,usd_mxn,18.182,18.184,0.01"
"2023-10-09T17:33:46-0300,btc_mxn,501590.0,501610.0,0.0"
"2023-10-09T17:33:46-0300,usd_mxn,18.182,18.184,0.01"
"2023-10-09T17:33:47-0300,btc_mxn,501590.0,501610.0,0.0"
"2023-10-09T17:33:47-0300,usd_mxn,18.182,18.184,0.01"
"2023-10-09T17:33:48-0300,btc_mxn,501590.0,501610.0,0.0"
"2023-10-09T17:33:48-0300,usd_mxn,18.182,18.184,0.01"
"2023-10-09T17:33:48-0300,btc_mxn,501590.0,501610.0,0.0"
"2023-10-09T17:33:49-0300,usd_mxn,18.182,18.184,0.01"
"2023-10-09T17:33:49-0300,btc_mxn,501590.0,501610.0,0.0"
"2023-10-09T17:33:49-0300,usd_mxn,18.182,18.184,0.01"
"2023-10-09T17:33:50-0300,btc_mxn,501590.0,501610.0,0.0"
"2023-10-09T17:33:50-0300,usd_mxn,18.182,18.184,0.01"
"2023-10-09T17:33:51-0300,btc_mxn,501590.0,501610.0,0.0"
"2023-10-09T17:33:51-0300,usd_mxn,18.182,18.184,0.01"
"2023-10-09T17:33:52-0300,btc_mxn,501590.0,501610.0,0.0"
"2023-10-09T17:33:52-0300,usd_mxn,18.182,18.184,0.01"
"2023-10-09T17:33:53-0300,btc_mxn,501590.0,501610.0,0.0"
"2023-10-09T17:33:53-0300,usd_mxn,18.182,18.184,0.01"
"2023-10-09T17:33:53-0300,btc_mxn,501590.0,501610.0,0.0"
"2023-10-09T17:33:54-0300,usd_mxn,18.182,18.184,0.01"
"2023-10-09T17:33:54-0300,btc_mxn,501590.0,501610.0,0.0"
"2023-10-09T17:33:55-0300,usd_mxn,18.182,18.184,0.01"
"2023-10-09T17:33:55-0300,btc_mxn,501590.0,501610.0,0.0"
"2023-10-09T17:33:55-0300,usd_mxn,18.182,18.184,0.01"
"2023-10-09T17:33:56-0300,btc_mxn,501590.0,501610.0,0.0"
"2023-10-09T17:33:56-0300,usd_mxn,18.182,18.184,0.01"
"2023-10-09T17:33:57-0300,btc_mxn,501590.0,501610.0,0.0"
"2023-10-09T17:33:58-0300,usd_mxn,18.182,18.184,0.01"
"2023-10-09T17:33:58-0300,btc_mxn,501590.0,501610.0,0.0"
"2023-10-09T17:33:59-0300,usd_mxn,18.182,18.184,0.01"
"2023-10-09T17:34:00-0300,btc_mxn,501590.0,501610.0,0.0"
"2023-10-09T17:34:00-0300,usd_mxn,18.182,18.184,0.01"
"2023-10-09T17:34:01-0300,btc_mxn,501590.0,501610.0,0.0"
"2023-10-09T17:34:01-0300,usd_mxn,18.182,18.184,0.01"
"2023-10-09T17:34:02-0300,btc_mxn,501590.0,501610.0,0.0"
"2023-10-09T17:34:02-0300,usd_mxn,18.182,18.184,0.01"
"2023-10-09T17:34:02-0300,btc_mxn,501570.0,501610.0,0.01"
"2023-10-09T17:34:03-0300,usd_mxn,18.182,18.184,0.01"
"2023-10-09T17:34:03-0300,btc_mxn,501570.0,501610.0,0.01"
"2023-10-09T17:34:04-0300,usd_mxn,18.182,18.184,0.01"
"2023-10-09T17:34:04-0300,btc_mxn,501570.0,501610.0,0.01"
"2023-10-09T17:34:04-0300,usd_mxn,18.182,18.184,0.01"
"2023-10-09T17:34:05-0300,btc_mxn,501590.0,501610.0,0.0"
"2023-10-09T17:34:05-0300,usd_mxn,18.182,18.184,0.01"
"2023-10-09T17:34:06-0300,btc_mxn,501590.0,501610.0,0.0"
"2023-10-09T17:34:06-0300,usd_mxn,18.182,18.184,0.01"
"2023-10-09T17:34:07-0300,btc_mxn,501590.0,501610.0,0.0"
"2023-10-09T17:34:07-0300,usd_mxn,18.182,18.184,0.01"
"2023-10-09T17:34:08-0300,btc_mxn,501590.0,501610.0,0.0"
"2023-10-09T17:34:08-0300,usd_mxn,18.182,18.184,0.01"
"2023-10-09T17:34:08-0300,btc_mxn,501590.0,501610.0,0.0"
"2023-10-09T17:34:09-0300,usd_mxn,18.182,18.184,0.01"
"2023-10-09T17:34:09-0300,btc_mxn,501590.0,501610.0,0.0"
"2023-10-09T17:34:10-0300,usd_mxn,18.182,18.184,0.01"
"2023-10-09T17:34:10-0300,btc_mxn,501590.0,501610.0,0.0"
"2023-10-09T17:34:11-0300,usd_mxn,18.182,18.184,0.01"
"2023-10-09T17:34:11-0300,btc_mxn,501590.0,501610.0,0.0"
"2023-10-09T17:34:11-0300,usd_mxn,18.182,18.184,0.01"
"2023-10-09T17:34:12-0300,btc_mxn,501590.0,501610.0,0.0"
"2023-10-09T17:34:12-0300,usd_mxn,18.182,18.184,0.01"
"2023-10-09T17:34:13-0300,btc_mxn,501590.0,501610.0,0.0"
"2023-10-09T17:34:13-0300,usd_mxn,18.182,18.184,0.01"
"2023-10-09T17:34:14-0300,btc_mxn,501590.0,501610.0,0.0"
"2023-10-09T17:34:14-0300,usd_mxn,18.182,18.184,0.01"
"2023-10-09T17:34:15-0300,btc_mxn,501590.0,501610.0,0.0"
"2023-10-09T17:34:15-0300,usd_mxn,18.182,18.184,0.01"
"2023-10-09T17:34:15-0300,btc_mxn,501590.0,501610.0,0.0"
"2023-10-09T17:34:16-0300,usd_mxn,18.182,18.184,0.01"
"2023-10-09T17:34:16-0300,btc_mxn,501590.0,501610.0,0.0"
"2023-10-09T17:34:17-0300,usd_mxn,18.182,18.184,0.01"
"2023-10-09T17:34:17-0300,btc_mxn,501590.0,501610.0,0.0"
"2023-10-09T17:34:18-0300,usd_mxn,18.182,18.184,0.01"
"2023-10-09T17:34:18-0300,btc_mxn,501590.0,501610.0,0.0"
"2023-10-09T17:34:18-0300,usd_mxn,18.182,18.184,0.01"
"2023-10-09T17:34:19-0300,btc_mxn,501600.0,501610.0,0.0"
"2023-10-09T17:34:19-0300,usd_mxn,18.182,18.184,0.01"
"2023-10-09T17:34:20-0300,btc_mxn,501600.0,501610.0,0.0"
"2023-10-09T17:34:20-0300,usd_mxn,18.182,18.184,0.01"
"2023-10-09T17:34:21-0300,btc_mxn,501600.0,501610.0,0.0"
"2023-10-09T17:34:21-0300,usd_mxn,18.182,18.184,0.01"
"2023-10-09T17:34:21-0300,btc_mxn,501600.0,501610.0,0.0"
"2023-10-09T17:34:22-0300,usd_mxn,18.182,18.184,0.01"
"2023-10-09T17:34:22-0300,btc_mxn,501600.0,501610.0,0.0"
"2023-10-09T17:34:23-0300,usd_mxn,18.182,18.184,0.01"
"2023-10-09T17:34:24-0300,btc_mxn,501600.0,501610.0,0.0"
"2023-10-09T17:34:24-0300,usd_mxn,18.182,18.184,0.01"
"2023-10-09T17:34:25-0300,btc_mxn,501600.0,501610.0,0.0"
"2023-10-09T17:34:25-0300,usd_mxn,18.182,18.184,0.01"
"2023-10-09T17:34:25-0300,btc_mxn,501600.0,501610.0,0.0"
"2023-10-09T17:34:26-0300,usd_mxn,18.182,18.184,0.01"
"2023-10-09T17:34:26-0300,btc_mxn,501600.0,501610.0,0.0"
"2023-10-09T17:34:27-0300,usd_mxn,18.182,18.184,0.01"
"2023-10-09T17:34:27-0300,btc_mxn,501600.0,501610.0,0.0"
"2023-10-09T17:34:27-0300,usd_mxn,18.182,18.184,0.01"
"2023-10-09T17:34:28-0300,btc_mxn,501600.0,501610.0,0.0"
"2023-10-09T17:34:28-0300,usd_mxn,18.182,18.184,0.01"
"2023-10-09T17:34:29-0300,btc_mxn,501600.0,501610.0,0.0"
"2023-10-09T17:34:29-0300,usd_mxn,18.182,18.184,0.01"
"2023-10-09T17:34:30-0300,btc_mxn,501600.0,501610.0,0.0"
"2023-10-09T17:34:30-0300,usd_mxn,18.182,18.184,0.01"
"2023-10-09T17:34:31-0300,btc_mxn,501600.0,501610.0,0.0"
"2023-10-09T17:34:31-0300,usd_mxn,18.182,18.184,0.01"
"2023-10-09T17:34:32-0300,btc_mxn,501600.0,501610.0,0.0"
"2023-10-09T17:34:33-0300,usd_mxn,18.182,18.184,0.01"
"2023-10-09T17:34:33-0300,btc_mxn,501600.0,501610.0,0.0"
"2023-10-09T17:34:34-0300,usd_mxn,18.182,18.184,0.01"
"2023-10-09T17:34:34-0300,btc_mxn,501600.0,501610.0,0.0"
"2023-10-09T17:34:34-0300,usd_mxn,18.182,18.184,0.01"
"2023-10-09T17:34:35-0300,btc_mxn,501600.0,501610.0,0.0"
"2023-10-09T17:34:35-0300,usd_mxn,18.182,18.184,0.01"
"2023-10-09T17:34:36-0300,btc_mxn,501600.0,501610.0,0.0"
"2023-10-09T17:34:37-0300,usd_mxn,18.182,18.184,0.01"
"2023-10-09T17:34:37-0300,btc_mxn,501600.0,501610.0,0.0"
"2023-10-09T17:34:37-0300,usd_mxn,18.182,18.184,0.01"
"2023-10-09T17:34:38-0300,btc_mxn,501600.0,501610.0,0.0"
"2023-10-09T17:34:39-0300,usd_mxn,18.182,18.184,0.01"
"2023-10-09T17:34:39-0300,btc_mxn,501600.0,501610.0,0.0"
"2023-10-09T17:34:39-0300,usd_mxn,18.182,18.184,0.01"
"2023-10-09T17:34:40-0300,btc_mxn,501600.0,501610.0,0.0"
"2023-10-09T17:34:40-0300,usd_mxn,18.182,18.184,0.01"
"2023-10-09T17:34:41-0300,btc_mxn,501590.0,501610.0,0.0"
"2023-10-09T17:34:41-0300,usd_mxn,18.182,18.184,0.01"
"2023-10-09T17:34:42-0300,btc_mxn,501590.0,501610.0,0.0"
"2023-10-09T17:34:42-0300,usd_mxn,18.182,18.184,0.01"
"2023-10-09T17:34:43-0300,btc_mxn,501590.0,501610.0,0.0"
"2023-10-09T17:34:43-0300,usd_mxn,18.182,18.184,0.01"
"2023-10-09T17:34:44-0300,btc_mxn,501590.0,501610.0,0.0"
"2023-10-09T17:34:44-0300,usd_mxn,18.182,18.184,0.01"
"2023-10-09T17:34:45-0300,btc_mxn,501590.0,501610.0,0.0"
"2023-10-09T17:34:45-0300,usd_mxn,18.182,18.184,0.01"
"2023-10-09T17:34:45-0300,btc_mxn,501590.0,501610.0,0.0"
"2023-10-09T17:34:46-0300,usd_mxn,18.182,18.184,0.01"
"2023-10-09T17:34:46-0300,btc_mxn,501590.0,501610.0,0.0"
"2023-10-09T17:34:47-0300,usd_mxn,18.182,18.184,0.01"
"2023-10-09T17:34:47-0300,btc_mxn,501590.0,501610.0,0.0"
"2023-10-09T17:34:47-0300,usd_mxn,18.182,18.184,0.01"
"2023-10-09T17:34:48-0300,btc_mxn,501590.0,501610.0,0.0"
"2023-10-09T17:34:48-0300,usd_mxn,18.182,18.184,0.01"
"2023-10-09T17:34:49-0300,btc_mxn,501590.0,501610.0,0.0"
"2023-10-09T17:34:49-0300,usd_mxn,18.182,18.184,0.01"
"2023-10-09T17:34:50-0300,btc_mxn,501590.0,501610.0,0.0"
"2023-10-09T17:34:50-0300,usd_mxn,18.182,18.184,0.01"
"2023-10-09T17:34:51-0300,btc_mxn,501590.0,501610.0,0.0"
"2023-10-09T17:34:51-0300,usd_mxn,18.182,18.184,0.01"
"2023-10-09T17:34:51-0300,btc_mxn,501590.0,501610.0,0.0"
"2023-10-09T17:34:52-0300,usd_mxn,18.182,18.184,0.01"
"2023-10-09T17:34:52-0300,btc_mxn,501590.0,501610.0,0.0"
"2023-10-09T17:34:53-0300,usd_mxn,18.182,18.184,0.01"
"2023-10-09T17:34:53-0300,btc_mxn,501590.0,501610.0,0.0"
"2023-10-09T17:34:53-0300,usd_mxn,18.182,18.184,0.01"
"2023-10-09T17:34:54-0300,btc_mxn,501590.0,501610.0,0.0"
"2023-10-09T17:34:54-0300,usd_mxn,18.182,18.184,0.01"
"2023-10-09T17:34:55-0300,btc_mxn,501590.0,501610.0,0.0"
"2023-10-09T17:34:55-0300,usd_mxn,18.182,18.184,0.01"
"2023-10-09T17:34:56-0300,btc_mxn,501590.0,501610.0,0.0"
"2023-10-09T17:34:56-0300,usd_mxn,18.182,18.184,0.01"
"2023-10-09T17:34:57-0300,btc_mxn,501590.0,501610.0,0.0"
"2023-10-09T17:34:57-0300,usd_mxn,18.182,18.184,0.01"
"2023-10-09T17:34:58-0300,btc_mxn,501590.0,501610.0,0.0"
"2023-10-09T17:34:58-0300,usd_mxn,18.182,18.184,0.01"
"2023-10-09T17:34:58-0300,btc_mxn,501590.0,501610.0,0.0"
"2023-10-09T17:34:59-0300,usd_mxn,18.182,18.184,0.01"
"2023-10-09T17:34:59-0300,btc_mxn,501590.0,501610.0,0.0"
"2023-10-09T17:35:00-0300,usd_mxn,18.182,18.184,0.01"
"2023-10-09T17:35:00-0300,btc_mxn,501590.0,501610.0,0.0"
"2023-10-09T17:35:00-0300,usd_mxn,18.182,18.184,0.01"
"2023-10-09T17:35:01-0300,btc_mxn,501590.0,501610.0,0.0"
"2023-10-09T17:35:01-0300,usd_mxn,18.182,18.184,0.01"
"2023-10-09T17:35:02-0300,btc_mxn,501590.0,501610.0,0.0"
"2023-10-09T17:35:02-0300,usd_mxn,18.182,18.184,0.01"
"2023-10-09T17:35:02-0300,btc_mxn,501590.0,501610.0,0.0"
"2023-10-09T17:35:03-0300,usd_mxn,18.182,18.184,0.01"
"2023-10-09T17:35:03-0300,btc_mxn,501590.0,501610.0,0.0"
"2023-10-09T17:35:04-0300,usd_mxn,18.182,18.184,0.01"
"2023-10-09T17:35:04-0300,btc_mxn,501590.0,501610.0,0.0"
"2023-10-09T17:35:05-0300,usd_mxn,18.182,18.184,0.01"
"2023-10-09T17:35:05-0300,btc_mxn,501590.0,501610.0,0.0"
"2023-10-09T17:35:06-0300,usd_mxn,18.182,18.184,0.01"
"2023-10-09T17:35:06-0300,btc_mxn,501590.0,501610.0,0.0"
"2023-10-09T17:35:06-0300,usd_mxn,18.182,18.184,0.01"
"2023-10-09T17:35:07-0300,btc_mxn,501590.0,501610.0,0.0"
"2023-10-09T17:35:07-0300,usd_mxn,18.182,18.184,0.01"
"2023-10-09T17:35:08-0300,btc_mxn,501590.0,501610.0,0.0"
"2023-10-09T17:35:08-0300,usd_mxn,18.182,18.184,0.01"
"2023-10-09T17:35:09-0300,btc_mxn,501590.0,501610.0,0.0"
"2023-10-09T17:35:09-0300,usd_mxn,18.182,18.184,0.01"
"2023-10-09T17:35:09-0300,btc_mxn,501590.0,501610.0,0.0"
"2023-10-09T17:35:10-0300,usd_mxn,18.182,18.184,0.01"
"2023-10-09T17:35:10-0300,btc_mxn,501590.0,501610.0,0.0"
"2023-10-09T17:35:11-0300,usd_mxn,18.182,18.184,0.01"
"2023-10-09T17:35:11-0300,btc_mxn,501590.0,501610.0,0.0"
"2023-10-09T17:35:12-0300,usd_mxn,18.182,18.184,0.01"
"2023-10-09T17:35:12-0300,btc_mxn,501590.0,501610.0,0.0"
"2023-10-09T17:35:13-0300,usd_mxn,18.182,18.184,0.01"
"2023-10-09T17:35:13-0300,btc_mxn,501590.0,501610.0,0.0"
"2023-10-09T17:35:14-0300,usd_mxn,18.182,18.184,0.01"
"2023-10-09T17:35:14-0300,btc_mxn,501590.0,501610.0,0.0"
"2023-10-09T17:35:14-0300,usd_mxn,18.182,18.186,0.02"
"2023-10-09T17:35:15-0300,btc_mxn,501590.0,501610.0,0.0"
"2023-10-09T17:35:15-0300,usd_mxn,18.182,18.186,0.02"
"2023-10-09T17:35:16-0300,btc_mxn,501590.0,501610.0,0.0"
"2023-10-09T17:35:16-0300,usd_mxn,18.182,18.186,0.02"
"2023-10-09T17:35:17-0300,btc_mxn,501590.0,501610.0,0.0"
"2023-10-09T17:35:17-0300,usd_mxn,18.182,18.186,0.02"
"2023-10-09T17:35:18-0300,btc_mxn,501590.0,501610.0,0.0"
"2023-10-09T17:35:18-0300,usd_mxn,18.182,18.186,0.02"
"2023-10-09T17:35:19-0300,btc_mxn,501590.0,501610.0,0.0"
"2023-10-09T17:35:19-0300,usd_mxn,18.182,18.186,0.02"
"2023-10-09T17:35:20-0300,btc_mxn,501590.0,501610.0,0.0"
"2023-10-09T17:35:20-0300,usd_mxn,18.182,18.186,0.02"
"2023-10-09T17:35:21-0300,btc_mxn,501590.0,501610.0,0.0"
"2023-10-09T17:35:21-0300,usd_mxn,18.182,18.186,0.02"
"2023-10-09T17:35:22-0300,btc_mxn,501600.0,501610.0,0.0"
"2023-10-09T17:35:22-0300,usd_mxn,18.182,18.186,0.02"
"2023-10-09T17:35:22-0300,btc_mxn,501600.0,501610.0,0.0"
"2023-10-09T17:35:23-0300,usd_mxn,18.182,18.186,0.02"
"2023-10-09T17:35:23-0300,btc_mxn,501600.0,501610.0,0.0"
"2023-10-09T17:35:24-0300,usd_mxn,18.182,18.186,0.02"
"2023-10-09T17:35:24-0300,btc_mxn,501600.0,501610.0,0.0"
"2023-10-09T17:35:24-0300,usd_mxn,18.182,18.186,0.02"
"2023-10-09T17:35:25-0300,btc_mxn,501600.0,501610.0,0.0"
"2023-10-09T17:35:26-0300,usd_mxn,18.182,18.186,0.02"
"2023-10-09T17:35:26-0300,btc_mxn,501600.0,501610.0,0.0"
"2023-10-09T17:35:27-0300,usd_mxn,18.182,18.186,0.02"
"2023-10-09T17:35:27-0300,btc_mxn,501570.0,501610.0,0.01"
"2023-10-09T17:35:27-0300,usd_mxn,18.182,18.186,0.02"
"2023-10-09T17:35:28-0300,btc_mxn,501570.0,501610.0,0.01"
"2023-10-09T17:35:28-0300,usd_mxn,18.182,18.186,0.02"
"2023-10-09T17:35:29-0300,btc_mxn,501600.0,501610.0,0.0"
"2023-10-09T17:35:29-0300,usd_mxn,18.182,18.186,0.02"
"2023-10-09T17:35:30-0300,btc_mxn,501600.0,501610.0,0.0"
"2023-10-09T17:35:30-0300,usd_mxn,18.182,18.186,0.02"
"2023-10-09T17:35:31-0300,btc_mxn,501600.0,501610.0,0.0"
"2023-10-09T17:35:31-0300,usd_mxn,18.182,18.186,0.02"
"2023-10-09T17:35:31-0300,btc_mxn,501920.0,501960.0,0.01"
"2023-10-09T17:35:32-0300,usd_mxn,18.182,18.186,0.02"
"2023-10-09T17:35:32-0300,btc_mxn,501920.0,501960.0,0.01"
"2023-10-09T17:35:33-0300,usd_mxn,18.182,18.186,0.02"
"2023-10-09T17:35:33-0300,btc_mxn,501920.0,501960.0,0.01"
"2023-10-09T17:35:33-0300,usd_mxn,18.182,18.186,0.02"
"2023-10-09T17:35:34-0300,btc_mxn,501920.0,501960.0,0.01"
"2023-10-09T17:35:34-0300,usd_mxn,18.182,18.186,0.02"
"2023-10-09T17:35:35-0300,btc_mxn,501920.0,501960.0,0.01"
"2023-10-09T17:35:35-0300,usd_mxn,18.182,18.186,0.02"
"2023-10-09T17:35:36-0300,btc_mxn,501920.0,501960.0,0.01"
"2023-10-09T17:35:36-0300,usd_mxn,18.182,18.186,0.02"
"2023-10-09T17:35:36-0300,btc_mxn,501920.0,501960.0,0.01"
"2023-10-09T17:35:37-0300,usd_mxn,18.182,18.186,0.02"
"2023-10-09T17:35:37-0300,btc_mxn,501920.0,501960.0,0.01"
"2023-10-09T17:35:38-0300,usd_mxn,18.182,18.186,0.02"
"2023-10-09T17:35:39-0300,btc_mxn,501920.0,501960.0,0.01"
"2023-10-09T17:35:39-0300,usd_mxn,18.182,18.186,0.02"
"2023-10-09T17:35:40-0300,btc_mxn,501920.0,501960.0,0.01"
"2023-10-09T17:35:40-0300,usd_mxn,18.182,18.186,0.02"
"2023-10-09T17:35:41-0300,btc_mxn,501920.0,501960.0,0.01"
"2023-10-09T17:35:41-0300,usd_mxn,18.182,18.186,0.02"
"2023-10-09T17:35:41-0300,btc_mxn,501920.0,501960.0,0.01"
"2023-10-09T17:35:42-0300,usd_mxn,18.182,18.186,0.02"
"2023-10-09T17:35:42-0300,btc_mxn,501920.0,501960.0,0.01"
"2023-10-09T17:35:43-0300,usd_mxn,18.182,18.186,0.02"
"2023-10-09T17:35:43-0300,btc_mxn,501920.0,501960.0,0.01"
"2023-10-09T17:35:44-0300,usd_mxn,18.182,18.186,0.02"
"2023-10-09T17:35:44-0300,btc_mxn,501920.0,501950.0,0.01"
"2023-10-09T17:35:45-0300,usd_mxn,18.182,18.186,0.02"
"2023-10-09T17:35:45-0300,btc_mxn,501920.0,501950.0,0.01"
"2023-10-09T17:35:46-0300,usd_mxn,18.182,18.186,0.02"
"2023-10-09T17:35:46-0300,btc_mxn,501920.0,501950.0,0.01"
"2023-10-09T17:35:46-0300,usd_mxn,18.182,18.186,0.02"
"2023-10-09T17:35:47-0300,btc_mxn,501920.0,501950.0,0.01"
"2023-10-09T17:35:48-0300,usd_mxn,18.182,18.186,0.02"
"2023-10-09T17:35:48-0300,btc_mxn,501920.0,501950.0,0.01"
"2023-10-09T17:35:48-0300,usd_mxn,18.182,18.186,0.02"
"2023-10-09T17:35:49-0300,btc_mxn,501920.0,501950.0,0.01"
"2023-10-09T17:35:50-0300,usd_mxn,18.182,18.186,0.02"
"2023-10-09T17:35:50-0300,btc_mxn,501920.0,501950.0,0.01"
"2023-10-09T17:35:51-0300,usd_mxn,18.182,18.186,0.02"
"2023-10-09T17:35:51-0300,btc_mxn,501920.0,501950.0,0.01"
"2023-10-09T17:35:51-0300,usd_mxn,18.182,18.186,0.02"
"2023-10-09T17:35:52-0300,btc_mxn,501920.0,501950.0,0.01"
"2023-10-09T17:35:52-0300,usd_mxn,18.182,18.186,0.02"
"2023-10-09T17:35:53-0300,btc_mxn,501920.0,501950.0,0.01"
"2023-10-09T17:35:53-0300,usd_mxn,18.182,18.186,0.02"
"2023-10-09T17:35:54-0300,btc_mxn,501920.0,501950.0,0.01"
"2023-10-09T17:35:54-0300,usd_mxn,18.182,18.186,0.02"
"2023-10-09T17:35:55-0300,btc_mxn,501920.0,501950.0,0.01"
"2023-10-09T17:35:55-0300,usd_mxn,18.182,18.186,0.02"
"2023-10-09T17:35:56-0300,btc_mxn,501920.0,501950.0,0.01"
"2023-10-09T17:35:56-0300,usd_mxn,18.182,18.186,0.02"
"2023-10-09T17:35:57-0300,btc_mxn,501920.0,501950.0,0.01"
"2023-10-09T17:35:57-0300,usd_mxn,18.182,18.186,0.02"
"2023-10-09T17:35:58-0300,btc_mxn,501920.0,501950.0,0.01"
"2023-10-09T17:35:58-0300,usd_mxn,18.182,18.186,0.02"
"2023-10-09T17:35:59-0300,btc_mxn,501920.0,501950.0,0.01"
"2023-10-09T17:35:59-0300,usd_mxn,18.182,18.186,0.02"
"2023-10-09T17:35:59-0300,btc_mxn,501920.0,501950.0,0.01"
"2023-10-09T17:36:00-0300,usd_mxn,18.182,18.186,0.02"
"2023-10-09T17:36:00-0300,btc_mxn,501920.0,501950.0,0.01"
"2023-10-09T17:36:00-0300,usd_mxn,18.182,18.186,0.02"
"2023-10-09T17:36:01-0300,btc_mxn,501920.0,501950.0,0.01"
"2023-10-09T17:36:01-0300,usd_mxn,18.182,18.186,0.02"
"2023-10-09T17:36:02-0300,btc_mxn,501920.0,501950.0,0.01"
"2023-10-09T17:36:02-0300,usd_mxn,18.182,18.186,0.02"
"2023-10-09T17:36:03-0300,btc_mxn,501920.0,501950.0,0.01"
"2023-10-09T17:36:03-0300,usd_mxn,18.182,18.186,0.02"
"2023-10-09T17:36:04-0300,btc_mxn,501920.0,501940.0,0.0"
"2023-10-09T17:36:04-0300,usd_mxn,18.182,18.186,0.02"
"2023-10-09T17:36:04-0300,btc_mxn,501920.0,501940.0,0.0"
"2023-10-09T17:36:05-0300,usd_mxn,18.182,18.186,0.02"
"2023-10-09T17:36:05-0300,btc_mxn,501920.0,501940.0,0.0"
"2023-10-09T17:36:06-0300,usd_mxn,18.182,18.186,0.02"
"2023-10-09T17:36:06-0300,btc_mxn,501920.0,501940.0,0.0"
"2023-10-09T17:36:06-0300,usd_mxn,18.182,18.186,0.02"
"2023-10-09T17:36:07-0300,btc_mxn,501920.0,501940.0,0.0"
"2023-10-09T17:36:07-0300,usd_mxn,18.182,18.186,0.02"
"2023-10-09T17:36:08-0300,btc_mxn,501920.0,501940.0,0.0"
"2023-10-09T17:36:08-0300,usd_mxn,18.182,18.186,0.02"
"2023-10-09T17:36:09-0300,btc_mxn,501920.0,501940.0,0.0"
"2023-10-09T17:36:09-0300,usd_mxn,18.182,18.186,0.02"
"2023-10-09T17:36:10-0300,btc_mxn,501920.0,501940.0,0.0"
"2023-10-09T17:36:10-0300,usd_mxn,18.182,18.186,0.02"
"2023-10-09T17:36:10-0300,btc_mxn,501920.0,501940.0,0.0"
"2023-10-09T17:36:11-0300,usd_mxn,18.182,18.186,0.02"
"2023-10-09T17:36:11-0300,btc_mxn,501920.0,501940.0,0.0"
"2023-10-09T17:36:12-0300,usd_mxn,18.182,18.186,0.02"
"2023-10-09T17:36:12-0300,btc_mxn,501920.0,501940.0,0.0"
"2023-10-09T17:36:12-0300,usd_mxn,18.182,18.186,0.02"
"2023-10-09T17:36:13-0300,btc_mxn,501920.0,501940.0,0.0"
"2023-10-09T17:36:13-0300,usd_mxn,18.182,18.186,0.02"
"2023-10-09T17:36:14-0300,btc_mxn,501920.0,501940.0,0.0"
"2023-10-09T17:36:14-0300,usd_mxn,18.182,18.186,0.02"
"2023-10-09T17:36:15-0300,btc_mxn,501920.0,501940.0,0.0"
"2023-10-09T17:36:15-0300,usd_mxn,18.181,18.185,0.02"
"2023-10-09T17:36:15-0300,btc_mxn,501920.0,501940.0,0.0"
"2023-10-09T17:36:16-0300,usd_mxn,18.181,18.185,0.02"
"2023-10-09T17:36:17-0300,btc_mxn,501920.0,501940.0,0.0"
"2023-10-09T17:36:17-0300,usd_mxn,18.181,18.185,0.02"
"2023-10-09T17:36:18-0300,btc_mxn,501920.0,501940.0,0.0"
"2023-10-09T17:36:18-0300,usd_mxn,18.181,18.185,0.02"
"2023-10-09T17:36:18-0300,btc_mxn,501920.0,501940.0,0.0"
"2023-10-09T17:36:19-0300,usd_mxn,18.181,18.185,0.02"
"2023-10-09T17:36:19-0300,btc_mxn,501920.0,501940.0,0.0"
"2023-10-09T17:36:20-0300,usd_mxn,18.181,18.185,0.02"
"2023-10-09T17:36:20-0300,btc_mxn,501920.0,501940.0,0.0"
"2023-10-09T17:36:21-0300,usd_mxn,18.181,18.185,0.02"
"2023-10-09T17:36:21-0300,btc_mxn,501920.0,501940.0,0.0"
"2023-10-09T17:36:21-0300,usd_mxn,18.181,18.185,0.02"
"2023-10-09T17:36:22-0300,btc_mxn,501920.0,501950.0,0.01"
"2023-10-09T17:36:22-0300,usd_mxn,18.181,18.185,0.02"
"2023-10-09T17:36:23-0300,btc_mxn,501920.0,501950.0,0.01"
"2023-10-09T17:36:23-0300,usd_mxn,18.181,18.185,0.02"
"2023-10-09T17:36:24-0300,btc_mxn,501920.0,501950.0,0.01"
"2023-10-09T17:36:24-0300,usd_mxn,18.181,18.185,0.02"
"2023-10-09T17:36:24-0300,btc_mxn,501920.0,501950.0,0.01"
"2023-10-09T17:36:25-0300,usd_mxn,18.181,18.185,0.02"
"2023-10-09T17:36:25-0300,btc_mxn,501920.0,501950.0,0.01"
"2023-10-09T17:36:26-0300,usd_mxn,18.181,18.185,0.02"
"2023-10-09T17:36:26-0300,btc_mxn,501920.0,501950.0,0.01"
"2023-10-09T17:36:26-0300,usd_mxn,18.181,18.185,0.02"
"2023-10-09T17:36:27-0300,btc_mxn,501920.0,501950.0,0.01"
"2023-10-09T17:36:27-0300,usd_mxn,18.181,18.185,0.02"
"2023-10-09T17:36:28-0300,btc_mxn,501920.0,501950.0,0.01"
"2023-10-09T17:36:28-0300,usd_mxn,18.181,18.185,0.02"
"2023-10-09T17:36:28-0300,btc_mxn,501920.0,501950.0,0.01"
"2023-10-09T17:36:29-0300,usd_mxn,18.181,18.185,0.02"
"2023-10-09T17:36:30-0300,btc_mxn,501920.0,501940.0,0.0"
"2023-10-09T17:36:30-0300,usd_mxn,18.181,18.185,0.02"
"2023-10-09T17:36:31-0300,btc_mxn,501920.0,501940.0,0.0"
"2023-10-09T17:36:31-0300,usd_mxn,18.181,18.185,0.02"
"2023-10-09T17:36:31-0300,btc_mxn,501920.0,501940.0,0.0"
"2023-10-09T17:36:32-0300,usd_mxn,18.181,18.185,0.02"
"2023-10-09T17:36:32-0300,btc_mxn,501920.0,501940.0,0.0"
"2023-10-09T17:36:32-0300,usd_mxn,18.181,18.185,0.02"
"2023-10-09T17:36:33-0300,btc_mxn,501920.0,501940.0,0.0"
"2023-10-09T17:36:33-0300,usd_mxn,18.181,18.185,0.02"
"2023-10-09T17:36:34-0300,btc_mxn,501920.0,501940.0,0.0"
"2023-10-09T17:36:34-0300,usd_mxn,18.181,18.185,0.02"
"2023-10-09T17:36:35-0300,btc_mxn,501920.0,501940.0,0.0"
"2023-10-09T17:36:35-0300,usd_mxn,18.181,18.185,0.02"
"2023-10-09T17:36:35-0300,btc_mxn,501920.0,501940.0,0.0"
"2023-10-09T17:36:36-0300,usd_mxn,18.181,18.185,0.02"
"2023-10-09T17:36:36-0300,btc_mxn,501920.0,501940.0,0.0"
"2023-10-09T17:36:37-0300,usd_mxn,18.181,18.185,0.02"
"2023-10-09T17:36:37-0300,btc_mxn,501920.0,501940.0,0.0"
"2023-10-09T17:36:38-0300,usd_mxn,18.181,18.185,0.02"
"2023-10-09T17:36:38-0300,btc_mxn,501920.0,501940.0,0.0"
"2023-10-09T17:36:39-0300,usd_mxn,18.181,18.185,0.02"
"2023-10-09T17:36:39-0300,btc_mxn,501920.0,501940.0,0.0"
"2023-10-09T17:36:40-0300,usd_mxn,18.181,18.185,0.02"
"2023-10-09T17:36:40-0300,btc_mxn,501920.0,501940.0,0.0"
"2023-10-09T17:36:41-0300,usd_mxn,18.181,18.185,0.02"
"2023-10-09T17:36:41-0300,btc_mxn,501920.0,501940.0,0.0"
"2023-10-09T17:36:42-0300,usd_mxn,18.181,18.185,0.02"
"2023-10-09T17:36:42-0300,btc_mxn,501920.0,501940.0,0.0"
"2023-10-09T17:36:43-0300,usd_mxn,18.181,18.185,0.02"
"2023-10-09T17:36:43-0300,btc_mxn,501920.0,501940.0,0.0"
"2023-10-09T17:36:43-0300,usd_mxn,18.181,18.185,0.02"
"2023-10-09T17:36:44-0300,btc_mxn,501920.0,501940.0,0.0"
"2023-10-09T17:36:44-0300,usd_mxn,18.181,18.185,0.02"
"2023-10-09T17:36:45-0300,btc_mxn,501920.0,501940.0,0.0"
"2023-10-09T17:36:45-0300,usd_mxn,18.181,18.185,0.02"
"2023-10-09T17:36:46-0300,btc_mxn,501920.0,501940.0,0.0"
"2023-10-09T17:36:46-0300,usd_mxn,18.181,18.185,0.02"
"2023-10-09T17:36:46-0300,btc_mxn,501920.0,501940.0,0.0"
"2023-10-09T17:36:47-0300,usd_mxn,18.181,18.185,0.02"
"2023-10-09T17:36:47-0300,btc_mxn,501920.0,501940.0,0.0"
"2023-10-09T17:36:48-0300,usd_mxn,18.181,18.185,0.02"
"2023-10-09T17:36:48-0300,btc_mxn,501920.0,501940.0,0.0"
"2023-10-09T17:36:48-0300,usd_mxn,18.181,18.185,0.02"
"2023-10-09T17:36:49-0300,btc_mxn,501920.0,501940.0,0.0"
"2023-10-09T17:36:49-0300,usd_mxn,18.181,18.185,0.02"
"2023-10-09T17:36:50-0300,btc_mxn,501920.0,501940.0,0.0"
"2023-10-09T17:36:50-0300,usd_mxn,18.181,18.185,0.02"
"2023-10-09T17:36:51-0300,btc_mxn,501920.0,501940.0,0.0"
"2023-10-09T17:36:51-0300,usd_mxn,18.181,18.185,0.02"
"2023-10-09T17:36:52-0300,btc_mxn,501920.0,501940.0,0.0"
"2023-10-09T17:36:52-0300,usd_mxn,18.181,18.185,0.02"
"2023-10-09T17:36:53-0300,btc_mxn,501920.0,501940.0,0.0"
"2023-10-09T17:36:53-0300,usd_mxn,18.181,18.185,0.02"
"2023-10-09T17:36:54-0300,btc_mxn,501920.0,501940.0,0.0"
"2023-10-09T17:36:54-0300,usd_mxn,18.181,18.185,0.02"
"2023-10-09T17:36:55-0300,btc_mxn,501920.0,501940.0,0.0"
"2023-10-09T17:36:55-0300,usd_mxn,18.181,18.185,0.02"
"2023-10-09T17:36:56-0300,btc_mxn,501920.0,501950.0,0.01"
"2023-10-09T17:36:56-0300,usd_mxn,18.181,18.185,0.02"
"2023-10-09T17:36:57-0300,btc_mxn,501920.0,501950.0,0.01"
"2023-10-09T17:36:57-0300,usd_mxn,18.181,18.185,0.02"
"2023-10-09T17:36:57-0300,btc_mxn,501920.0,501950.0,0.01"
"2023-10-09T17:36:58-0300,usd_mxn,18.181,18.185,0.02"
"2023-10-09T17:36:58-0300,btc_mxn,501920.0,501950.0,0.01"
"2023-10-09T17:36:59-0300,usd_mxn,18.181,18.185,0.02"
"2023-10-09T17:36:59-0300,btc_mxn,501920.0,501950.0,0.01"
"2023-10-09T17:37:00-0300,usd_mxn,18.181,18.185,0.02"
"2023-10-09T17:37:00-0300,btc_mxn,501920.0,501950.0,0.01"
"2023-10-09T17:37:01-0300,usd_mxn,18.181,18.185,0.02"
"2023-10-09T17:37:01-0300,btc_mxn,501920.0,501950.0,0.01"
"2023-10-09T17:37:02-0300,usd_mxn,18.181,18.185,0.02"
"2023-10-09T17:37:02-0300,btc_mxn,501920.0,501950.0,0.01"
"2023-10-09T17:37:03-0300,usd_mxn,18.181,18.185,0.02"
"2023-10-09T17:37:03-0300,btc_mxn,501920.0,501950.0,0.01"
"2023-10-09T17:37:03-0300,usd_mxn,18.181,18.185,0.02"
"2023-10-09T17:37:04-0300,btc_mxn,501920.0,501950.0,0.01"
"2023-10-09T17:37:04-0300,usd_mxn,18.181,18.185,0.02"
"2023-10-09T17:37:05-0300,btc_mxn,501920.0,501950.0,0.01"
"2023-10-09T17:37:05-0300,usd_mxn,18.181,18.185,0.02"
"2023-10-09T17:37:06-0300,btc_mxn,501920.0,501950.0,0.01"
"2023-10-09T17:37:06-0300,usd_mxn,18.181,18.185,0.02"
"2023-10-09T17:37:06-0300,btc_mxn,501920.0,501950.0,0.01"
"2023-10-09T17:37:07-0300,usd_mxn,18.182,18.185,0.02"
"2023-10-09T17:37:07-0300,btc_mxn,501920.0,501950.0,0.01"
"2023-10-09T17:37:08-0300,usd_mxn,18.182,18.185,0.02"
"2023-10-09T17:37:08-0300,btc_mxn,501920.0,501950.0,0.01"
"2023-10-09T17:37:08-0300,usd_mxn,18.182,18.185,0.02"
"2023-10-09T17:37:09-0300,btc_mxn,501920.0,501950.0,0.01"
"2023-10-09T17:37:09-0300,usd_mxn,18.182,18.185,0.02"
"2023-10-09T17:37:10-0300,btc_mxn,501920.0,501950.0,0.01"
"2023-10-09T17:37:10-0300,usd_mxn,18.182,18.185,0.02"
"2023-10-09T17:37:11-0300,btc_mxn,501920.0,501950.0,0.01"
"2023-10-09T17:37:11-0300,usd_mxn,18.182,18.185,0.02"
"2023-10-09T17:37:12-0300,btc_mxn,501920.0,501950.0,0.01"
"2023-10-09T17:37:13-0300,usd_mxn,18.182,18.185,0.02"
"2023-10-09T17:37:13-0300,btc_mxn,501920.0,501950.0,0.01"
"2023-10-09T17:37:13-0300,usd_mxn,18.182,18.185,0.02"
"2023-10-09T17:37:14-0300,btc_mxn,501920.0,501950.0,0.01"
"2023-10-09T17:37:14-0300,usd_mxn,18.182,18.185,0.02"
"2023-10-09T17:37:15-0300,btc_mxn,501920.0,501950.0,0.01"
"2023-10-09T17:37:15-0300,usd_mxn,18.181,18.185,0.02"
"2023-10-09T17:37:16-0300,btc_mxn,501920.0,501950.0,0.01"
"2023-10-09T17:37:16-0300,usd_mxn,18.181,18.185,0.02"
"2023-10-09T17:37:16-0300,btc_mxn,501920.0,501950.0,0.01"
"2023-10-09T17:37:17-0300,usd_mxn,18.181,18.185,0.02"
"2023-10-09T17:37:17-0300,btc_mxn,501920.0,501950.0,0.01"
"2023-10-09T17:37:18-0300,usd_mxn,18.181,18.185,0.02"
"2023-10-09T17:37:18-0300,btc_mxn,501920.0,501950.0,0.01"
"2023-10-09T17:37:18-0300,usd_mxn,18.181,18.185,0.02"
"2023-10-09T17:37:19-0300,btc_mxn,501920.0,501950.0,0.01"
"2023-10-09T17:37:19-0300,usd_mxn,18.181,18.185,0.02"
"2023-10-09T17:37:20-0300,btc_mxn,501920.0,501950.0,0.01"
"2023-10-09T17:37:20-0300,usd_mxn,18.181,18.185,0.02"
"2023-10-09T17:37:21-0300,btc_mxn,501920.0,501950.0,0.01"
"2023-10-09T17:37:22-0300,usd_mxn,18.181,18.185,0.02"
"2023-10-09T17:37:22-0300,btc_mxn,501920.0,501950.0,0.01"
"2023-10-09T17:37:23-0300,usd_mxn,18.181,18.185,0.02"
"2023-10-09T17:37:23-0300,btc_mxn,501920.0,501950.0,0.01"
"2023-10-09T17:37:24-0300,usd_mxn,18.181,18.185,0.02"
"2023-10-09T17:37:24-0300,btc_mxn,501920.0,501950.0,0.01"
"2023-10-09T17:37:24-0300,usd_mxn,18.181,18.185,0.02"
"2023-10-09T17:37:25-0300,btc_mxn,501920.0,501950.0,0.01"
"2023-10-09T17:37:25-0300,usd_mxn,18.181,18.185,0.02"
"2023-10-09T17:37:26-0300,btc_mxn,501920.0,501950.0,0.01"
"2023-10-09T17:37:26-0300,usd_mxn,18.181,18.185,0.02"
"2023-10-09T17:37:27-0300,btc_mxn,501920.0,501950.0,0.01"
"2023-10-09T17:37:27-0300,usd_mxn,18.181,18.185,0.02"
"2023-10-09T17:37:27-0300,btc_mxn,501920.0,501950.0,0.01"
"2023-10-09T17:37:28-0300,usd_mxn,18.181,18.185,0.02"
"2023-10-09T17:37:28-0300,btc_mxn,501920.0,501950.0,0.01"
"2023-10-09T17:37:29-0300,usd_mxn,18.181,18.185,0.02"
"2023-10-09T17:37:29-0300,btc_mxn,501920.0,501950.0,0.01"
"2023-10-09T17:37:29-0300,usd_mxn,18.181,18.185,0.02"
"2023-10-09T17:37:30-0300,btc_mxn,501920.0,501950.0,0.01"
"2023-10-09T17:37:30-0300,usd_mxn,18.181,18.185,0.02"
"2023-10-09T17:37:31-0300,btc_mxn,501920.0,501950.0,0.01"
"2023-10-09T17:37:31-0300,usd_mxn,18.181,18.185,0.02"
"2023-10-09T17:37:32-0300,btc_mxn,501920.0,501950.0,0.01"
"2023-10-09T17:37:32-0300,usd_mxn,18.181,18.185,0.02"
"2023-10-09T17:37:32-0300,btc_mxn,501920.0,501950.0,0.01"
"2023-10-09T17:37:33-0300,usd_mxn,18.181,18.185,0.02"
"2023-10-09T17:37:33-0300,btc_mxn,501920.0,501950.0,0.01"
"2023-10-09T17:37:34-0300,usd_mxn,18.181,18.185,0.02"
"2023-10-09T17:37:34-0300,btc_mxn,501920.0,501950.0,0.01"
"2023-10-09T17:37:35-0300,usd_mxn,18.181,18.185,0.02"
"2023-10-09T17:37:35-0300,btc_mxn,501920.0,501950.0,0.01"
"2023-10-09T17:37:35-0300,usd_mxn,18.181,18.185,0.02"
"2023-10-09T17:37:36-0300,btc_mxn,501920.0,501950.0,0.01"
"2023-10-09T17:37:36-0300,usd_mxn,18.181,18.185,0.02"
"2023-10-09T17:37:37-0300,btc_mxn,501920.0,501950.0,0.01"
"2023-10-09T17:37:37-0300,usd_mxn,18.181,18.185,0.02"
"2023-10-09T17:37:38-0300,btc_mxn,501920.0,501950.0,0.01"
"2023-10-09T17:37:38-0300,usd_mxn,18.181,18.185,0.02"
"2023-10-09T17:37:39-0300,btc_mxn,501920.0,501950.0,0.01"
"2023-10-09T17:37:39-0300,usd_mxn,18.181,18.185,0.02"
"2023-10-09T17:37:40-0300,btc_mxn,501920.0,501950.0,0.01"
"2023-10-09T17:37:40-0300,usd_mxn,18.181,18.185,0.02"
"2023-10-09T17:37:41-0300,btc_mxn,501920.0,501950.0,0.01"
"2023-10-09T17:37:41-0300,usd_mxn,18.181,18.185,0.02"
"2023-10-09T17:37:42-0300,btc_mxn,501920.0,501950.0,0.01"
"2023-10-09T17:37:42-0300,usd_mxn,18.181,18.185,0.02"
"2023-10-09T17:37:42-0300,btc_mxn,501920.0,501950.0,0.01"
"2023-10-09T17:37:43-0300,usd_mxn,18.181,18.185,0.02"
"2023-10-09T17:37:44-0300,btc_mxn,501920.0,501950.0,0.01"
"2023-10-09T17:37:44-0300,usd_mxn,18.181,18.185,0.02"
"2023-10-09T17:37:45-0300,btc_mxn,501920.0,501950.0,0.01"
"2023-10-09T17:37:45-0300,usd_mxn,18.181,18.185,0.02"
"2023-10-09T17:37:45-0300,btc_mxn,501920.0,501950.0,0.01"
"2023-10-09T17:37:46-0300,usd_mxn,18.181,18.185,0.02"
"2023-10-09T17:37:47-0300,btc_mxn,501920.0,501950.0,0.01"
"2023-10-09T17:37:47-0300,usd_mxn,18.181,18.185,0.02"
"2023-10-09T17:37:48-0300,btc_mxn,501920.0,501950.0,0.01"
"2023-10-09T17:37:48-0300,usd_mxn,18.181,18.185,0.02"
"2023-10-09T17:37:48-0300,btc_mxn,501920.0,501950.0,0.01"
"2023-10-09T17:37:49-0300,usd_mxn,18.181,18.185,0.02"
"2023-10-09T17:37:49-0300,btc_mxn,501920.0,501950.0,0.01"
"2023-10-09T17:37:50-0300,usd_mxn,18.181,18.185,0.02"
"2023-10-09T17:37:50-0300,btc_mxn,501920.0,501950.0,0.01"
"2023-10-09T17:37:51-0300,usd_mxn,18.181,18.185,0.02"
"2023-10-09T17:37:51-0300,btc_mxn,501920.0,501950.0,0.01"
"2023-10-09T17:37:52-0300,usd_mxn,18.181,18.185,0.02"
"2023-10-09T17:37:52-0300,btc_mxn,501920.0,501950.0,0.01"
"2023-10-09T17:37:53-0300,usd_mxn,18.181,18.185,0.02"
"2023-10-09T17:37:53-0300,btc_mxn,501920.0,501950.0,0.01"
"2023-10-09T17:37:54-0300,usd_mxn,18.181,18.185,0.02"
"2023-10-09T17:37:55-0300,btc_mxn,501920.0,501950.0,0.01"
"2023-10-09T17:37:55-0300,usd_mxn,18.181,18.185,0.02"
"2023-10-09T17:37:55-0300,btc_mxn,501920.0,501950.0,0.01"
"2023-10-09T17:37:56-0300,usd_mxn,18.181,18.185,0.02"
"2023-10-09T17:37:56-0300,btc_mxn,501920.0,501950.0,0.01"
"2023-10-09T17:37:57-0300,usd_mxn,18.181,18.185,0.02"
"2023-10-09T17:37:57-0300,btc_mxn,501920.0,501950.0,0.01"
"2023-10-09T17:37:57-0300,usd_mxn,18.181,18.185,0.02"
"2023-10-09T17:37:58-0300,btc_mxn,501920.0,501950.0,0.01"
"2023-10-09T17:37:58-0300,usd_mxn,18.181,18.185,0.02"
"2023-10-09T17:37:59-0300,btc_mxn,501920.0,501950.0,0.01"
"2023-10-09T17:37:59-0300,usd_mxn,18.181,18.185,0.02"
"2023-10-09T17:38:00-0300,btc_mxn,501920.0,501950.0,0.01"
"2023-10-09T17:38:00-0300,usd_mxn,18.181,18.185,0.02"
"2023-10-09T17:38:01-0300,btc_mxn,501920.0,501950.0,0.01"
"2023-10-09T17:38:01-0300,usd_mxn,18.181,18.185,0.02"
"2023-10-09T17:38:02-0300,btc_mxn,501920.0,501950.0,0.01"
"2023-10-09T17:38:02-0300,usd_mxn,18.181,18.185,0.02"
"2023-10-09T17:38:02-0300,btc_mxn,501920.0,501950.0,0.01"
"2023-10-09T17:38:03-0300,usd_mxn,18.181,18.185,0.02"
"2023-10-09T17:38:03-0300,btc_mxn,501920.0,501950.0,0.01"
"2023-10-09T17:38:03-0300,usd_mxn,18.181,18.185,0.02"
"2023-10-09T17:38:04-0300,btc_mxn,501920.0,501950.0,0.01"
"2023-10-09T17:38:04-0300,usd_mxn,18.181,18.185,0.02"
"2023-10-09T17:38:05-0300,btc_mxn,501920.0,501950.0,0.01"
"2023-10-09T17:38:05-0300,usd_mxn,18.181,18.185,0.02"
"2023-10-09T17:38:06-0300,btc_mxn,501920.0,501950.0,0.01"
"2023-10-09T17:38:06-0300,usd_mxn,18.181,18.185,0.02"
"2023-10-09T17:38:07-0300,btc_mxn,501920.0,501950.0,0.01"
"2023-10-09T17:38:07-0300,usd_mxn,18.181,18.185,0.02"
"2023-10-09T17:38:08-0300,btc_mxn,501920.0,501950.0,0.01"
"2023-10-09T17:38:08-0300,usd_mxn,18.181,18.185,0.02"
"2023-10-09T17:38:09-0300,btc_mxn,501920.0,501950.0,0.01"
"2023-10-09T17:38:09-0300,usd_mxn,18.181,18.185,0.02"
"2023-10-09T17:38:10-0300,btc_mxn,501920.0,501950.0,0.01"
"2023-10-09T17:38:11-0300,usd_mxn,18.181,18.185,0.02"
"2023-10-09T17:38:11-0300,btc_mxn,501920.0,501950.0,0.01"
"2023-10-09T17:38:11-0300,usd_mxn,18.181,18.185,0.02"
"2023-10-09T17:38:12-0300,btc_mxn,501920.0,501950.0,0.01"
"2023-10-09T17:38:12-0300,usd_mxn,18.181,18.185,0.02"
"2023-10-09T17:38:13-0300,btc_mxn,501920.0,501950.0,0.01"
"2023-10-09T17:38:13-0300,usd_mxn,18.181,18.185,0.02"
"2023-10-09T17:38:14-0300,btc_mxn,501920.0,501950.0,0.01"
"2023-10-09T17:38:14-0300,usd_mxn,18.181,18.185,0.02"
"2023-10-09T17:38:15-0300,btc_mxn,501920.0,501950.0,0.01"
"2023-10-09T17:38:15-0300,usd_mxn,18.181,18.185,0.02"
"2023-10-09T17:38:16-0300,btc_mxn,501920.0,501950.0,0.01"
"2023-10-09T17:38:16-0300,usd_mxn,18.181,18.185,0.02"
"2023-10-09T17:38:16-0300,btc_mxn,501920.0,501950.0,0.01"
"2023-10-09T17:38:17-0300,usd_mxn,18.181,18.185,0.02"
"2023-10-09T17:38:17-0300,btc_mxn,501920.0,501950.0,0.01"
"2023-10-09T17:38:18-0300,usd_mxn,18.181,18.185,0.02"
"2023-10-09T17:38:18-0300,btc_mxn,501920.0,501950.0,0.01"
"2023-10-09T17:38:18-0300,usd_mxn,18.181,18.185,0.02"
"2023-10-09T17:38:19-0300,btc_mxn,501920.0,501950.0,0.01"
"2023-10-09T17:38:19-0300,usd_mxn,18.181,18.185,0.02"
"2023-10-09T17:38:20-0300,btc_mxn,501920.0,501950.0,0.01"
"2023-10-09T17:38:20-0300,usd_mxn,18.181,18.185,0.02"
"2023-10-09T17:38:21-0300,btc_mxn,501920.0,501950.0,0.01"
"2023-10-09T17:38:21-0300,usd_mxn,18.181,18.185,0.02"
"2023-10-09T17:38:22-0300,btc_mxn,501920.0,501950.0,0.01"
"2023-10-09T17:38:22-0300,usd_mxn,18.181,18.185,0.02"
"2023-10-09T17:38:22-0300,btc_mxn,501920.0,501950.0,0.01"
"2023-10-09T17:38:23-0300,usd_mxn,18.181,18.185,0.02"
"2023-10-09T17:38:23-0300,btc_mxn,501920.0,501950.0,0.01"
"2023-10-09T17:38:24-0300,usd_mxn,18.181,18.185,0.02"
"2023-10-09T17:38:24-0300,btc_mxn,501920.0,501950.0,0.01"
"2023-10-09T17:38:25-0300,usd_mxn,18.181,18.185,0.02"
"2023-10-09T17:38:25-0300,btc_mxn,501920.0,501950.0,0.01"
"2023-10-09T17:38:25-0300,usd_mxn,18.181,18.185,0.02"
"2023-10-09T17:38:26-0300,btc_mxn,501920.0,501950.0,0.01"
"2023-10-09T17:38:26-0300,usd_mxn,18.181,18.185,0.02"
"2023-10-09T17:38:27-0300,btc_mxn,501920.0,501950.0,0.01"
"2023-10-09T17:38:27-0300,usd_mxn,18.181,18.185,0.02"
"2023-10-09T17:38:28-0300,btc_mxn,501920.0,501950.0,0.01"
"2023-10-09T17:38:28-0300,usd_mxn,18.181,18.185,0.02"
"2023-10-09T17:38:28-0300,btc_mxn,501920.0,501950.0,0.01"
"2023-10-09T17:38:29-0300,usd_mxn,18.181,18.185,0.02"
"2023-10-09T17:38:29-0300,btc_mxn,501920.0,501950.0,0.01"
"2023-10-09T17:38:30-0300,usd_mxn,18.181,18.185,0.02"
"2023-10-09T17:38:30-0300,btc_mxn,501920.0,501950.0,0.01"
"2023-10-09T17:38:31-0300,usd_mxn,18.181,18.185,0.02"
"2023-10-09T17:38:31-0300,btc_mxn,501920.0,501950.0,0.01"
"2023-10-09T17:38:31-0300,usd_mxn,18.181,18.185,0.02"
"2023-10-09T17:38:32-0300,btc_mxn,501920.0,501950.0,0.01"
"2023-10-09T17:38:32-0300,usd_mxn,18.181,18.185,0.02"
"2023-10-09T17:38:33-0300,btc_mxn,501920.0,501950.0,0.01"
"2023-10-09T17:38:33-0300,usd_mxn,18.181,18.185,0.02"
"2023-10-09T17:38:34-0300,btc_mxn,501920.0,501950.0,0.01"
"2023-10-09T17:38:34-0300,usd_mxn,18.181,18.185,0.02"
"2023-10-09T17:38:35-0300,btc_mxn,501920.0,501950.0,0.01"
"2023-10-09T17:38:35-0300,usd_mxn,18.181,18.185,0.02"
"2023-10-09T17:38:36-0300,btc_mxn,501920.0,501950.0,0.01"
"2023-10-09T17:38:36-0300,usd_mxn,18.181,18.185,0.02"
"2023-10-09T17:38:36-0300,btc_mxn,501920.0,501950.0,0.01"
"2023-10-09T17:38:37-0300,usd_mxn,18.181,18.185,0.02"
"2023-10-09T17:38:37-0300,btc_mxn,501920.0,501950.0,0.01"
"2023-10-09T17:38:38-0300,usd_mxn,18.181,18.185,0.02"
"2023-10-09T17:38:38-0300,btc_mxn,501920.0,501950.0,0.01"
"2023-10-09T17:38:38-0300,usd_mxn,18.181,18.185,0.02"
"2023-10-09T17:38:39-0300,btc_mxn,501920.0,501950.0,0.01"
"2023-10-09T17:38:39-0300,usd_mxn,18.181,18.185,0.02"
"2023-10-09T17:38:40-0300,btc_mxn,501920.0,501950.0,0.01"
"2023-10-09T17:38:40-0300,usd_mxn,18.181,18.185,0.02"
"2023-10-09T17:38:40-0300,btc_mxn,501920.0,501950.0,0.01"
"2023-10-09T17:38:41-0300,usd_mxn,18.181,18.185,0.02"
"2023-10-09T17:38:41-0300,btc_mxn,501920.0,501950.0,0.01"
"2023-10-09T17:38:42-0300,usd_mxn,18.181,18.185,0.02"
"2023-10-09T17:38:42-0300,btc_mxn,501920.0,501950.0,0.01"
"2023-10-09T17:38:42-0300,usd_mxn,18.181,18.185,0.02"
"2023-10-09T17:38:43-0300,btc_mxn,501920.0,501950.0,0.01"
"2023-10-09T17:38:43-0300,usd_mxn,18.181,18.185,0.02"
"2023-10-09T17:38:44-0300,btc_mxn,501920.0,501950.0,0.01"
"2023-10-09T17:38:44-0300,usd_mxn,18.181,18.185,0.02"
"2023-10-09T17:38:45-0300,btc_mxn,501920.0,501930.0,0.0"
"2023-10-09T17:38:45-0300,usd_mxn,18.181,18.185,0.02"
"2023-10-09T17:38:46-0300,btc_mxn,501920.0,501930.0,0.0"
"2023-10-09T17:38:46-0300,usd_mxn,18.181,18.185,0.02"
"2023-10-09T17:38:47-0300,btc_mxn,501920.0,501930.0,0.0"
"2023-10-09T17:38:47-0300,usd_mxn,18.181,18.185,0.02"
"2023-10-09T17:38:47-0300,btc_mxn,501920.0,501930.0,0.0"
"2023-10-09T17:38:48-0300,usd_mxn,18.181,18.185,0.02"
"2023-10-09T17:38:48-0300,btc_mxn,501920.0,501930.0,0.0"
"2023-10-09T17:38:49-0300,usd_mxn,18.181,18.185,0.02"
"2023-10-09T17:38:50-0300,btc_mxn,501920.0,501930.0,0.0"
"2023-10-09T17:38:50-0300,usd_mxn,18.181,18.185,0.02"
"2023-10-09T17:38:50-0300,btc_mxn,501920.0,501930.0,0.0"
"2023-10-09T17:38:51-0300,usd_mxn,18.181,18.185,0.02"
"2023-10-09T17:38:51-0300,btc_mxn,501920.0,501930.0,0.0"
"2023-10-09T17:38:52-0300,usd_mxn,18.181,18.185,0.02"
"2023-10-09T17:38:52-0300,btc_mxn,501920.0,501930.0,0.0"
"2023-10-09T17:38:52-0300,usd_mxn,18.181,18.185,0.02"
"2023-10-09T17:38:53-0300,btc_mxn,501920.0,501930.0,0.0"
"2023-10-09T17:38:53-0300,usd_mxn,18.181,18.185,0.02"
"2023-10-09T17:38:54-0300,btc_mxn,501920.0,501930.0,0.0"
"2023-10-09T17:38:54-0300,usd_mxn,18.181,18.185,0.02"
"2023-10-09T17:38:55-0300,btc_mxn,501920.0,501930.0,0.0"
"2023-10-09T17:38:55-0300,usd_mxn,18.181,18.185,0.02"
"2023-10-09T17:38:56-0300,btc_mxn,501920.0,501930.0,0.0"
"2023-10-09T17:38:56-0300,usd_mxn,18.181,18.185,0.02"
"2023-10-09T17:38:57-0300,btc_mxn,501920.0,501930.0,0.0"
"2023-10-09T17:38:58-0300,usd_mxn,18.181,18.185,0.02"
"2023-10-09T17:38:58-0300,btc_mxn,501920.0,501930.0,0.0"
"2023-10-09T17:38:58-0300,usd_mxn,18.181,18.185,0.02"
"2023-10-09T17:38:59-0300,btc_mxn,501920.0,501930.0,0.0"
"2023-10-09T17:38:59-0300,usd_mxn,18.181,18.185,0.02"
"2023-10-09T17:39:00-0300,btc_mxn,501920.0,501930.0,0.0"
"2023-10-09T17:39:00-0300,usd_mxn,18.181,18.185,0.02"
"2023-10-09T17:39:01-0300,btc_mxn,501920.0,501930.0,0.0"
"2023-10-09T17:39:01-0300,usd_mxn,18.181,18.185,0.02"
"2023-10-09T17:39:01-0300,btc_mxn,501920.0,501930.0,0.0"
"2023-10-09T17:39:02-0300,usd_mxn,18.181,18.185,0.02"
"2023-10-09T17:39:02-0300,btc_mxn,501920.0,501930.0,0.0"
"2023-10-09T17:39:02-0300,usd_mxn,18.181,18.185,0.02"
"2023-10-09T17:39:03-0300,btc_mxn,501920.0,501930.0,0.0"
"2023-10-09T17:39:03-0300,usd_mxn,18.181,18.185,0.02"
"2023-10-09T17:39:04-0300,btc_mxn,501920.0,501930.0,0.0"
"2023-10-09T17:39:04-0300,usd_mxn,18.181,18.185,0.02"
"2023-10-09T17:39:05-0300,btc_mxn,501920.0,501930.0,0.0"
"2023-10-09T17:39:05-0300,usd_mxn,18.181,18.185,0.02"
"2023-10-09T17:39:05-0300,btc_mxn,501920.0,501930.0,0.0"
"2023-10-09T17:39:06-0300,usd_mxn,18.181,18.185,0.02"
"2023-10-09T17:39:06-0300,btc_mxn,501920.0,501930.0,0.0"
"2023-10-09T17:39:07-0300,usd_mxn,18.181,18.185,0.02"
"2023-10-09T17:39:07-0300,btc_mxn,501920.0,501930.0,0.0"
"2023-10-09T17:39:07-0300,usd_mxn,18.181,18.185,0.02"
"2023-10-09T17:39:08-0300,btc_mxn,501920.0,501930.0,0.0"
"2023-10-09T17:39:08-0300,usd_mxn,18.181,18.185,0.02"
"2023-10-09T17:39:09-0300,btc_mxn,501920.0,501930.0,0.0"
"2023-10-09T17:39:09-0300,usd_mxn,18.181,18.185,0.02"
"2023-10-09T17:39:10-0300,btc_mxn,501920.0,501930.0,0.0"
"2023-10-09T17:39:10-0300,usd_mxn,18.181,18.185,0.02"
"2023-10-09T17:39:11-0300,btc_mxn,501920.0,501930.0,0.0"
"2023-10-09T17:39:11-0300,usd_mxn,18.181,18.185,0.02"
"2023-10-09T17:39:12-0300,btc_mxn,501920.0,501930.0,0.0"
"2023-10-09T17:39:12-0300,usd_mxn,18.181,18.185,0.02"
"2023-10-09T17:39:12-0300,btc_mxn,501920.0,501930.0,0.0"
"2023-10-09T17:39:13-0300,usd_mxn,18.181,18.185,0.02"
"2023-10-09T17:39:13-0300,btc_mxn,501920.0,501930.0,0.0"
"2023-10-09T17:39:14-0300,usd_mxn,18.181,18.185,0.02"
"2023-10-09T17:39:14-0300,btc_mxn,501920.0,501930.0,0.0"
"2023-10-09T17:39:15-0300,usd_mxn,18.181,18.185,0.02"
"2023-10-09T17:39:15-0300,btc_mxn,501920.0,501930.0,0.0"
"2023-10-09T17:39:16-0300,usd_mxn,18.181,18.185,0.02"
"2023-10-09T17:39:16-0300,btc_mxn,501920.0,501930.0,0.0"
"2023-10-09T17:39:16-0300,usd_mxn,18.181,18.185,0.02"
"2023-10-09T17:39:17-0300,btc_mxn,501920.0,501930.0,0.0"
"2023-10-09T17:39:17-0300,usd_mxn,18.181,18.185,0.02"
"2023-10-09T17:39:18-0300,btc_mxn,501920.0,501930.0,0.0"
"2023-10-09T17:39:18-0300,usd_mxn,18.181,18.185,0.02"
"2023-10-09T17:39:19-0300,btc_mxn,501920.0,501930.0,0.0"
"2023-10-09T17:39:19-0300,usd_mxn,18.181,18.185,0.02"
"2023-10-09T17:39:20-0300,btc_mxn,501920.0,501930.0,0.0"
"2023-10-09T17:39:20-0300,usd_mxn,18.181,18.185,0.02"
"2023-10-09T17:39:20-0300,btc_mxn,501920.0,501930.0,0.0"
"2023-10-09T17:39:21-0300,usd_mxn,18.181,18.185,0.02"
"2023-10-09T17:39:21-0300,btc_mxn,501920.0,501930.0,0.0"
"2023-10-09T17:39:22-0300,usd_mxn,18.181,18.185,0.02"
"2023-10-09T17:39:22-0300,btc_mxn,501920.0,501930.0,0.0"
"2023-10-09T17:39:22-0300,usd_mxn,18.181,18.185,0.02"
"2023-10-09T17:39:23-0300,btc_mxn,501920.0,501930.0,0.0"
"2023-10-09T17:39:23-0300,usd_mxn,18.181,18.185,0.02"
"2023-10-09T17:39:24-0300,btc_mxn,501920.0,501930.0,0.0"
"2023-10-09T17:39:24-0300,usd_mxn,18.181,18.185,0.02"
"2023-10-09T17:39:25-0300,btc_mxn,501920.0,501930.0,0.0"
"2023-10-09T17:39:25-0300,usd_mxn,18.181,18.185,0.02"
"2023-10-09T17:39:25-0300,btc_mxn,501920.0,501930.0,0.0"
"2023-10-09T17:39:26-0300,usd_mxn,18.181,18.185,0.02"
"2023-10-09T17:39:26-0300,btc_mxn,501920.0,501930.0,0.0"
"2023-10-09T17:39:26-0300,usd_mxn,18.181,18.185,0.02"
"2023-10-09T17:39:27-0300,btc_mxn,501920.0,501930.0,0.0"
"2023-10-09T17:39:27-0300,usd_mxn,18.181,18.185,0.02"
"2023-10-09T17:39:28-0300,btc_mxn,501920.0,501930.0,0.0"
"2023-10-09T17:39:28-0300,usd_mxn,18.181,18.185,0.02"
"2023-10-09T17:39:29-0300,btc_mxn,501920.0,501930.0,0.0"
"2023-10-09T17:39:29-0300,usd_mxn,18.181,18.185,0.02"
"2023-10-09T17:39:29-0300,btc_mxn,501920.0,501930.0,0.0"
"2023-10-09T17:39:30-0300,usd_mxn,18.181,18.185,0.02"
"2023-10-09T17:39:30-0300,btc_mxn,501920.0,501930.0,0.0"
"2023-10-09T17:39:31-0300,usd_mxn,18.181,18.185,0.02"
"2023-10-09T17:39:31-0300,btc_mxn,501920.0,501930.0,0.0"
"2023-10-09T17:39:31-0300,usd_mxn,18.181,18.185,0.02"
"2023-10-09T17:39:32-0300,btc_mxn,501920.0,501930.0,0.0"
"2023-10-09T17:39:32-0300,usd_mxn,18.181,18.185,0.02"
"2023-10-09T17:39:33-0300,btc_mxn,501920.0,501930.0,0.0"
"2023-10-09T17:39:33-0300,usd_mxn,18.181,18.185,0.02"
"2023-10-09T17:39:34-0300,btc_mxn,501920.0,501930.0,0.0"
"2023-10-09T17:39:34-0300,usd_mxn,18.181,18.185,0.02"
"2023-10-09T17:39:34-0300,btc_mxn,501920.0,501930.0,0.0"
"2023-10-09T17:39:35-0300,usd_mxn,18.181,18.185,0.02"
"2023-10-09T17:39:35-0300,btc_mxn,501920.0,501930.0,0.0"
"2023-10-09T17:39:35-0300,usd_mxn,18.181,18.185,0.02"
"2023-10-09T17:39:36-0300,btc_mxn,501920.0,501930.0,0.0"
"2023-10-09T17:39:36-0300,usd_mxn,18.181,18.185,0.02"
"2023-10-09T17:39:37-0300,btc_mxn,501920.0,501930.0,0.0"
"2023-10-09T17:39:37-0300,usd_mxn,18.181,18.185,0.02"
"2023-10-09T17:39:38-0300,btc_mxn,501920.0,501930.0,0.0"
"2023-10-09T17:39:38-0300,usd_mxn,18.181,18.185,0.02"
"2023-10-09T17:39:39-0300,btc_mxn,501920.0,501930.0,0.0"
"2023-10-09T17:39:39-0300,usd_mxn,18.181,18.185,0.02"
"2023-10-09T17:39:40-0300,btc_mxn,501920.0,501930.0,0.0"
"2023-10-09T17:39:40-0300,usd_mxn,18.181,18.185,0.02"
"2023-10-09T17:39:40-0300,btc_mxn,501920.0,501930.0,0.0"
"2023-10-09T17:39:41-0300,usd_mxn,18.181,18.185,0.02"
"2023-10-09T17:39:41-0300,btc_mxn,501920.0,501930.0,0.0"
"2023-10-09T17:39:42-0300,usd_mxn,18.181,18.185,0.02"
"2023-10-09T17:39:42-0300,btc_mxn,501920.0,501930.0,0.0"
"2023-10-09T17:39:43-0300,usd_mxn,18.181,18.185,0.02"
"2023-10-09T17:39:43-0300,btc_mxn,501920.0,501940.0,0.0"
"2023-10-09T17:39:43-0300,usd_mxn,18.181,18.185,0.02"
"2023-10-09T17:39:44-0300,btc_mxn,501920.0,501940.0,0.0"
"2023-10-09T17:39:44-0300,usd_mxn,18.181,18.185,0.02"
"2023-10-09T17:39:45-0300,btc_mxn,501920.0,501940.0,0.0"
"2023-10-09T17:39:45-0300,usd_mxn,18.181,18.185,0.02"
"2023-10-09T17:39:46-0300,btc_mxn,501920.0,501940.0,0.0"
"2023-10-09T17:39:46-0300,usd_mxn,18.181,18.185,0.02"
"2023-10-09T17:39:47-0300,btc_mxn,501920.0,501940.0,0.0"
"2023-10-09T17:39:47-0300,usd_mxn,18.181,18.185,0.02"
"2023-10-09T17:39:47-0300,btc_mxn,501920.0,501940.0,0.0"
"2023-10-09T17:39:48-0300,usd_mxn,18.181,18.185,0.02"
"2023-10-09T17:39:48-0300,btc_mxn,501920.0,501940.0,0.0"
"2023-10-09T17:39:49-0300,usd_mxn,18.181,18.185,0.02"
"2023-10-09T17:39:49-0300,btc_mxn,501920.0,501940.0,0.0"
"2023-10-09T17:39:49-0300,usd_mxn,18.181,18.185,0.02"
"2023-10-09T17:39:50-0300,btc_mxn,501920.0,501940.0,0.0"
"2023-10-09T17:39:50-0300,usd_mxn,18.181,18.185,0.02"
"2023-10-09T17:39:51-0300,btc_mxn,501920.0,501950.0,0.01"
"2023-10-09T17:39:51-0300,usd_mxn,18.181,18.185,0.02"
"2023-10-09T17:39:51-0300,btc_mxn,501920.0,501950.0,0.01"
"2023-10-09T17:39:52-0300,usd_mxn,18.181,18.185,0.02"
"2023-10-09T17:39:52-0300,btc_mxn,501920.0,501950.0,0.01"
"2023-10-09T17:39:53-0300,usd_mxn,18.184,18.185,0.01"
"2023-10-09T17:39:53-0300,btc_mxn,501920.0,501950.0,0.01"
"2023-10-09T17:39:53-0300,usd_mxn,18.184,18.185,0.01"
"2023-10-09T17:39:54-0300,btc_mxn,501920.0,501950.0,0.01"
"2023-10-09T17:39:54-0300,usd_mxn,18.184,18.185,0.01"
"2023-10-09T17:39:55-0300,btc_mxn,501920.0,501960.0,0.01"
"2023-10-09T17:39:55-0300,usd_mxn,18.184,18.185,0.01"
"2023-10-09T17:39:56-0300,btc_mxn,501920.0,501960.0,0.01"
"2023-10-09T17:39:56-0300,usd_mxn,18.184,18.185,0.01"
"2023-10-09T17:39:57-0300,btc_mxn,501920.0,501960.0,0.01"
"2023-10-09T17:39:57-0300,usd_mxn,18.184,18.185,0.01"
"2023-10-09T17:39:57-0300,btc_mxn,501920.0,501960.0,0.01"
"2023-10-09T17:39:58-0300,usd_mxn,18.184,18.185,0.01"
"2023-10-09T17:39:58-0300,btc_mxn,501920.0,501960.0,0.01"
"2023-10-09T17:39:59-0300,usd_mxn,18.184,18.185,0.01"
"2023-10-09T17:40:00-0300,btc_mxn,501920.0,501960.0,0.01"
"2023-10-09T17:40:00-0300,usd_mxn,18.184,18.185,0.01"
"2023-10-09T17:40:00-0300,btc_mxn,501920.0,501960.0,0.01"
"2023-10-09T17:40:01-0300,usd_mxn,18.184,18.185,0.01"
"2023-10-09T17:40:01-0300,btc_mxn,501920.0,501960.0,0.01"
"2023-10-09T17:40:02-0300,usd_mxn,18.184,18.185,0.01"
"2023-10-09T17:40:02-0300,btc_mxn,501920.0,501960.0,0.01"
"2023-10-09T17:40:02-0300,usd_mxn,18.184,18.185,0.01"
"2023-10-09T17:40:03-0300,btc_mxn,501920.0,501960.0,0.01"
"2023-10-09T17:40:03-0300,usd_mxn,18.184,18.185,0.01"
"2023-10-09T17:40:04-0300,btc_mxn,501920.0,501960.0,0.01"
"2023-10-09T17:40:04-0300,usd_mxn,18.184,18.185,0.01"
"2023-10-09T17:40:04-0300,btc_mxn,501920.0,501960.0,0.01"
"2023-10-09T17:40:05-0300,usd_mxn,18.184,18.185,0.01"
"2023-10-09T17:40:06-0300,btc_mxn,501920.0,501960.0,0.01"
"2023-10-09T17:40:06-0300,usd_mxn,18.184,18.185,0.01"
"2023-10-09T17:40:07-0300,btc_mxn,501920.0,501960.0,0.01"
"2023-10-09T17:40:07-0300,usd_mxn,18.184,18.185,0.01"
"2023-10-09T17:40:08-0300,btc_mxn,501920.0,501960.0,0.01"
"2023-10-09T17:40:09-0300,usd_mxn,18.184,18.185,0.01"
"2023-10-09T17:40:09-0300,btc_mxn,501920.0,501960.0,0.01"
"2023-10-09T17:40:09-0300,usd_mxn,18.184,18.185,0.01"
"2023-10-09T17:40:10-0300,btc_mxn,501920.0,501960.0,0.01"
"2023-10-09T17:40:10-0300,usd_mxn,18.184,18.185,0.01"
"2023-10-09T17:40:11-0300,btc_mxn,501920.0,501960.0,0.01"
"2023-10-09T17:40:11-0300,usd_mxn,18.184,18.185,0.01"
"2023-10-09T17:40:12-0300,btc_mxn,501920.0,501960.0,0.01"
"2023-10-09T17:40:12-0300,usd_mxn,18.184,18.185,0.01"
"2023-10-09T17:40:13-0300,btc_mxn,501920.0,501960.0,0.01"
"2023-10-09T17:40:13-0300,usd_mxn,18.184,18.185,0.01"
"2023-10-09T17:40:14-0300,btc_mxn,501920.0,501960.0,0.01"
"2023-10-09T17:40:15-0300,usd_mxn,18.184,18.185,0.01"
"2023-10-09T17:40:15-0300,btc_mxn,501920.0,501960.0,0.01"
"2023-10-09T17:40:16-0300,usd_mxn,18.184,18.185,0.01"
"2023-10-09T17:40:16-0300,btc_mxn,501920.0,501960.0,0.01"
"2023-10-09T17:40:16-0300,usd_mxn,18.184,18.185,0.01"
"2023-10-09T17:40:17-0300,btc_mxn,501920.0,501960.0,0.01"
"2023-10-09T17:40:17-0300,usd_mxn,18.184,18.185,0.01"
"2023-10-09T17:40:18-0300,btc_mxn,501920.0,501960.0,0.01"
"2023-10-09T17:40:18-0300,usd_mxn,18.184,18.185,0.01"
"2023-10-09T17:40:19-0300,btc_mxn,501920.0,501960.0,0.01"
"2023-10-09T17:40:19-0300,usd_mxn,18.184,18.185,0.01"
"2023-10-09T17:40:21-0300,btc_mxn,501940.0,501960.0,0.0"
"2023-10-09T17:40:21-0300,usd_mxn,18.184,18.185,0.01"
"2023-10-09T17:40:22-0300,btc_mxn,501940.0,501960.0,0.0"
"2023-10-09T17:40:22-0300,usd_mxn,18.184,18.185,0.01"
"2023-10-09T17:40:22-0300,btc_mxn,501940.0,501960.0,0.0"
"2023-10-09T17:40:23-0300,usd_mxn,18.184,18.185,0.01"
"2023-10-09T17:40:23-0300,btc_mxn,501940.0,501960.0,0.0"
"2023-10-09T17:40:24-0300,usd_mxn,18.184,18.185,0.01"
"2023-10-09T17:40:24-0300,btc_mxn,501940.0,501960.0,0.0"
"2023-10-09T17:40:25-0300,usd_mxn,18.184,18.185,0.01"
"2023-10-09T17:40:25-0300,btc_mxn,501940.0,501960.0,0.0"
"2023-10-09T17:40:26-0300,usd_mxn,18.184,18.185,0.01"
"2023-10-09T17:40:26-0300,btc_mxn,501940.0,501960.0,0.0"
"2023-10-09T17:40:26-0300,usd_mxn,18.184,18.185,0.01"
"2023-10-09T17:40:27-0300,btc_mxn,501940.0,501960.0,0.0"
"2023-10-09T17:40:27-0300,usd_mxn,18.184,18.185,0.01"
"2023-10-09T17:40:28-0300,btc_mxn,501940.0,501960.0,0.0"
"2023-10-09T17:40:28-0300,usd_mxn,18.184,18.185,0.01"
"2023-10-09T17:40:29-0300,btc_mxn,501940.0,501960.0,0.0"
"2023-10-09T17:40:29-0300,usd_mxn,18.184,18.185,0.01"
"2023-10-09T17:40:30-0300,btc_mxn,502170.0,502210.0,0.01"
"2023-10-09T17:40:30-0300,usd_mxn,18.184,18.185,0.01"
"2023-10-09T17:40:31-0300,btc_mxn,502190.0,502210.0,0.0"
"2023-10-09T17:40:31-0300,usd_mxn,18.184,18.185,0.01"
"2023-10-09T17:40:32-0300,btc_mxn,502190.0,502210.0,0.0"
"2023-10-09T17:40:32-0300,usd_mxn,18.184,18.185,0.01"
"2023-10-09T17:40:32-0300,btc_mxn,502190.0,502210.0,0.0"
"2023-10-09T17:40:33-0300,usd_mxn,18.184,18.185,0.01"
"2023-10-09T17:40:33-0300,btc_mxn,502190.0,502210.0,0.0"
"2023-10-09T17:40:34-0300,usd_mxn,18.184,18.185,0.01"
"2023-10-09T17:40:34-0300,btc_mxn,502170.0,502210.0,0.01"
"2023-10-09T17:40:35-0300,usd_mxn,18.184,18.185,0.01"
"2023-10-09T17:40:35-0300,btc_mxn,502170.0,502210.0,0.01"
"2023-10-09T17:40:36-0300,usd_mxn,18.184,18.185,0.01"
"2023-10-09T17:40:36-0300,btc_mxn,502170.0,502210.0,0.01"
"2023-10-09T17:40:36-0300,usd_mxn,18.184,18.185,0.01"
"2023-10-09T17:40:37-0300,btc_mxn,502170.0,502210.0,0.01"
"2023-10-09T17:40:37-0300,usd_mxn,18.184,18.185,0.01"
"2023-10-09T17:40:38-0300,btc_mxn,502170.0,502210.0,0.01"
"2023-10-09T17:40:38-0300,usd_mxn,18.184,18.185,0.01"
"2023-10-09T17:40:39-0300,btc_mxn,502170.0,502210.0,0.01"
"2023-10-09T17:40:39-0300,usd_mxn,18.184,18.185,0.01"
"2023-10-09T17:40:40-0300,btc_mxn,502170.0,502210.0,0.01"
"2023-10-09T17:40:40-0300,usd_mxn,18.184,18.185,0.01"
"2023-10-09T17:40:41-0300,btc_mxn,502170.0,502210.0,0.01"
"2023-10-09T17:40:41-0300,usd_mxn,18.184,18.185,0.01"
"2023-10-09T17:40:42-0300,btc_mxn,502170.0,502210.0,0.01"
"2023-10-09T17:40:42-0300,usd_mxn,18.184,18.185,0.01"
"2023-10-09T17:40:43-0300,btc_mxn,502170.0,502210.0,0.01"
"2023-10-09T17:40:43-0300,usd_mxn,18.184,18.185,0.01"
"2023-10-09T17:40:43-0300,btc_mxn,502170.0,502210.0,0.01"
"2023-10-09T17:40:44-0300,usd_mxn,18.184,18.185,0.01"
"2023-10-09T17:40:45-0300,btc_mxn,502170.0,502210.0,0.01"
"2023-10-09T17:40:45-0300,usd_mxn,18.184,18.185,0.01"
"2023-10-09T17:40:46-0300,btc_mxn,502170.0,502210.0,0.01"
"2023-10-09T17:40:46-0300,usd_mxn,18.184,18.185,0.01"
"2023-10-09T17:40:47-0300,btc_mxn,502170.0,502210.0,0.01"
"2023-10-09T17:40:47-0300,usd_mxn,18.184,18.185,0.01"
"2023-10-09T17:40:48-0300,btc_mxn,502170.0,502210.0,0.01"
"2023-10-09T17:40:48-0300,usd_mxn,18.184,18.185,0.01"
"2023-10-09T17:40:49-0300,btc_mxn,502170.0,502210.0,0.01"
"2023-10-09T17:40:49-0300,usd_mxn,18.184,18.185,0.01"
"2023-10-09T17:40:50-0300,btc_mxn,502170.0,502210.0,0.01"
"2023-10-09T17:40:50-0300,usd_mxn,18.184,18.185,0.01"
"2023-10-09T17:40:51-0300,btc_mxn,502170.0,502210.0,0.01"
"2023-10-09T17:40:51-0300,usd_mxn,18.184,18.185,0.01"
"2023-10-09T17:40:52-0300,btc_mxn,502170.0,502210.0,0.01"
"2023-10-09T17:40:52-0300,usd_mxn,18.184,18.185,0.01"
"2023-10-09T17:40:53-0300,btc_mxn,502170.0,502210.0,0.01"
"2023-10-09T17:40:53-0300,usd_mxn,18.184,18.185,0.01"
"2023-10-09T17:40:54-0300,btc_mxn,502170.0,502210.0,0.01"
"2023-10-09T17:40:54-0300,usd_mxn,18.184,18.185,0.01"
"2023-10-09T17:40:55-0300,btc_mxn,502170.0,502210.0,0.01"
"2023-10-09T17:40:55-0300,usd_mxn,18.184,18.185,0.01"
"2023-10-09T17:40:56-0300,btc_mxn,502170.0,502210.0,0.01"
"2023-10-09T17:40:56-0300,usd_mxn,18.184,18.185,0.01"
"2023-10-09T17:40:57-0300,btc_mxn,502170.0,502210.0,0.01"
"2023-10-09T17:40:57-0300,usd_mxn,18.184,18.185,0.01"
"2023-10-09T17:40:58-0300,btc_mxn,502170.0,502210.0,0.01"
"2023-10-09T17:40:58-0300,usd_mxn,18.184,18.185,0.01"
"2023-10-09T17:40:59-0300,btc_mxn,502170.0,502210.0,0.01"
"2023-10-09T17:40:59-0300,usd_mxn,18.184,18.185,0.01"
"2023-10-09T17:41:00-0300,btc_mxn,502170.0,502210.0,0.01"
"2023-10-09T17:41:00-0300,usd_mxn,18.184,18.185,0.01"
"2023-10-09T17:41:01-0300,btc_mxn,502170.0,502210.0,0.01"
"2023-10-09T17:41:01-0300,usd_mxn,18.184,18.185,0.01"
"2023-10-09T17:41:02-0300,btc_mxn,502170.0,502210.0,0.01"
"2023-10-09T17:41:02-0300,usd_mxn,18.184,18.185,0.01"
"2023-10-09T17:41:03-0300,btc_mxn,502170.0,502210.0,0.01"
"2023-10-09T17:41:03-0300,usd_mxn,18.184,18.185,0.01"
"2023-10-09T17:41:03-0300,btc_mxn,502170.0,502210.0,0.01"
"2023-10-09T17:41:04-0300,usd_mxn,18.184,18.185,0.01"
"2023-10-09T17:41:04-0300,btc_mxn,502170.0,502210.0,0.01"
"2023-10-09T17:41:05-0300,usd_mxn,18.184,18.185,0.01"
"2023-10-09T17:41:05-0300,btc_mxn,502170.0,502210.0,0.01"
"2023-10-09T17:41:06-0300,usd_mxn,18.184,18.185,0.01"
"2023-10-09T17:41:06-0300,btc_mxn,502170.0,502210.0,0.01"
"2023-10-09T17:41:07-0300,usd_mxn,18.184,18.185,0.01"
"2023-10-09T17:41:07-0300,btc_mxn,502170.0,502210.0,0.01"
"2023-10-09T17:41:07-0300,usd_mxn,18.184,18.185,0.01"
"2023-10-09T17:41:08-0300,btc_mxn,502170.0,502210.0,0.01"
"2023-10-09T17:41:09-0300,usd_mxn,18.184,18.185,0.01"
"2023-10-09T17:41:09-0300,btc_mxn,502170.0,502210.0,0.01"
"2023-10-09T17:41:09-0300,usd_mxn,18.184,18.185,0.01"
"2023-10-09T17:41:10-0300,btc_mxn,502170.0,502210.0,0.01"
"2023-10-09T17:41:11-0300,usd_mxn,18.184,18.185,0.01"
"2023-10-09T17:41:11-0300,btc_mxn,502170.0,502210.0,0.01"
"2023-10-09T17:41:12-0300,usd_mxn,18.184,18.188,0.02"
"2023-10-09T17:41:12-0300,btc_mxn,502170.0,502210.0,0.01"
"2023-10-09T17:41:13-0300,usd_mxn,18.184,18.188,0.02"
"2023-10-09T17:41:13-0300,btc_mxn,502170.0,502210.0,0.01"
"2023-10-09T17:41:13-0300,usd_mxn,18.184,18.188,0.02"
"2023-10-09T17:41:14-0300,btc_mxn,502170.0,502210.0,0.01"
"2023-10-09T17:41:14-0300,usd_mxn,18.184,18.188,0.02"
"2023-10-09T17:41:15-0300,btc_mxn,502170.0,502210.0,0.01"
"2023-10-09T17:41:16-0300,usd_mxn,18.184,18.188,0.02"
"2023-10-09T17:41:16-0300,btc_mxn,502170.0,502210.0,0.01"
"2023-10-09T17:41:16-0300,usd_mxn,18.184,18.188,0.02"
"2023-10-09T17:41:17-0300,btc_mxn,502170.0,502210.0,0.01"
"2023-10-09T17:41:18-0300,usd_mxn,18.184,18.188,0.02"
"2023-10-09T17:41:18-0300,btc_mxn,502170.0,502210.0,0.01"
"2023-10-09T17:41:19-0300,usd_mxn,18.184,18.188,0.02"
"2023-10-09T17:41:19-0300,btc_mxn,502170.0,502210.0,0.01"
"2023-10-09T17:41:20-0300,usd_mxn,18.184,18.188,0.02"
"2023-10-09T17:41:20-0300,btc_mxn,502170.0,502190.0,0.0"
"2023-10-09T17:41:21-0300,usd_mxn,18.184,18.188,0.02"
"2023-10-09T17:41:21-0300,btc_mxn,502170.0,502190.0,0.0"
"2023-10-09T17:41:22-0300,usd_mxn,18.184,18.188,0.02"
"2023-10-09T17:41:22-0300,btc_mxn,502170.0,502190.0,0.0"
"2023-10-09T17:41:23-0300,usd_mxn,18.184,18.188,0.02"
"2023-10-09T17:41:24-0300,btc_mxn,502170.0,502190.0,0.0"
"2023-10-09T17:41:24-0300,usd_mxn,18.184,18.188,0.02"
"2023-10-09T17:41:25-0300,btc_mxn,502170.0,502190.0,0.0"
"2023-10-09T17:41:25-0300,usd_mxn,18.184,18.188,0.02"
"2023-10-09T17:41:26-0300,btc_mxn,502170.0,502190.0,0.0"
"2023-10-09T17:41:26-0300,usd_mxn,18.184,18.188,0.02"
"2023-10-09T17:41:27-0300,btc_mxn,502170.0,502190.0,0.0"
"2023-10-09T17:41:27-0300,usd_mxn,18.184,18.188,0.02"
"2023-10-09T17:41:28-0300,btc_mxn,502170.0,502190.0,0.0"
"2023-10-09T17:41:28-0300,usd_mxn,18.184,18.188,0.02"
"2023-10-09T17:41:29-0300,btc_mxn,502170.0,502190.0,0.0"
"2023-10-09T17:41:29-0300,usd_mxn,18.184,18.188,0.02"
"2023-10-09T17:41:30-0300,btc_mxn,502170.0,502190.0,0.0"
"2023-10-09T17:41:30-0300,usd_mxn,18.184,18.188,0.02"
"2023-10-09T17:41:31-0300,btc_mxn,502170.0,502190.0,0.0"
"2023-10-09T17:41:31-0300,usd_mxn,18.184,18.188,0.02"
"2023-10-09T17:41:32-0300,btc_mxn,502170.0,502190.0,0.0"
"2023-10-09T17:41:32-0300,usd_mxn,18.184,18.188,0.02"
"2023-10-09T17:41:33-0300,btc_mxn,502170.0,502190.0,0.0"
"2023-10-09T17:41:33-0300,usd_mxn,18.184,18.188,0.02"
"2023-10-09T17:41:34-0300,btc_mxn,502170.0,502190.0,0.0"
"2023-10-09T17:41:34-0300,usd_mxn,18.184,18.188,0.02"
"2023-10-09T17:41:35-0300,btc_mxn,502170.0,502190.0,0.0"
"2023-10-09T17:41:36-0300,usd_mxn,18.184,18.188,0.02"
"2023-10-09T17:41:36-0300,btc_mxn,502170.0,502190.0,0.0"
"2023-10-09T17:41:37-0300,usd_mxn,18.184,18.188,0.02"
"2023-10-09T17:41:37-0300,btc_mxn,502170.0,502190.0,0.0"
"2023-10-09T17:41:38-0300,usd_mxn,18.184,18.188,0.02"
"2023-10-09T17:41:38-0300,btc_mxn,502170.0,502190.0,0.0"
"2023-10-09T17:41:39-0300,usd_mxn,18.184,18.188,0.02"
"2023-10-09T17:41:40-0300,btc_mxn,502170.0,502190.0,0.0"
"2023-10-09T17:41:40-0300,usd_mxn,18.184,18.188,0.02"
"2023-10-09T17:41:41-0300,btc_mxn,502170.0,502190.0,0.0"
"2023-10-09T17:41:41-0300,usd_mxn,18.184,18.188,0.02"
"2023-10-09T17:41:41-0300,btc_mxn,502170.0,502190.0,0.0"
"2023-10-09T17:41:42-0300,usd_mxn,18.184,18.188,0.02"
"2023-10-09T17:41:42-0300,btc_mxn,502170.0,502190.0,0.0"
"2023-10-09T17:41:43-0300,usd_mxn,18.184,18.188,0.02"
"2023-10-09T17:41:43-0300,btc_mxn,502170.0,502190.0,0.0"
"2023-10-09T17:41:44-0300,usd_mxn,18.184,18.188,0.02"
"2023-10-09T17:41:44-0300,btc_mxn,502170.0,502190.0,0.0"
"2023-10-09T17:41:45-0300,usd_mxn,18.184,18.188,0.02"
"2023-10-09T17:41:45-0300,btc_mxn,502170.0,502190.0,0.0"
"2023-10-09T17:41:46-0300,usd_mxn,18.184,18.188,0.02"
"2023-10-09T17:41:46-0300,btc_mxn,502170.0,502190.0,0.0"
"2023-10-09T17:41:46-0300,usd_mxn,18.184,18.188,0.02"
"2023-10-09T17:41:47-0300,btc_mxn,502170.0,502190.0,0.0"
"2023-10-09T17:41:47-0300,usd_mxn,18.184,18.188,0.02"
"2023-10-09T17:41:48-0300,btc_mxn,502170.0,502190.0,0.0"
"2023-10-09T17:41:48-0300,usd_mxn,18.184,18.188,0.02"
"2023-10-09T17:41:49-0300,btc_mxn,502170.0,502190.0,0.0"
"2023-10-09T17:41:49-0300,usd_mxn,18.184,18.188,0.02"
"2023-10-09T17:41:50-0300,btc_mxn,502170.0,502190.0,0.0"
"2023-10-09T17:41:50-0300,usd_mxn,18.184,18.188,0.02"
"2023-10-09T17:41:51-0300,btc_mxn,502170.0,502190.0,0.0"
"2023-10-09T17:41:51-0300,usd_mxn,18.184,18.188,0.02"
"2023-10-09T17:41:52-0300,btc_mxn,502170.0,502190.0,0.0"
"2023-10-09T17:41:52-0300,usd_mxn,18.184,18.188,0.02"
"2023-10-09T17:41:53-0300,btc_mxn,502170.0,502190.0,0.0"
"2023-10-09T17:41:53-0300,usd_mxn,18.184,18.188,0.02"
"2023-10-09T17:41:54-0300,btc_mxn,502170.0,502190.0,0.0"
"2023-10-09T17:41:54-0300,usd_mxn,18.184,18.188,0.02"
"2023-10-09T17:41:55-0300,btc_mxn,502170.0,502190.0,0.0"
"2023-10-09T17:41:55-0300,usd_mxn,18.184,18.188,0.02"
"2023-10-09T17:41:56-0300,btc_mxn,502170.0,502190.0,0.0"
"2023-10-09T17:41:56-0300,usd_mxn,18.184,18.188,0.02"
"2023-10-09T17:41:56-0300,btc_mxn,502170.0,502190.0,0.0"
"2023-10-09T17:41:57-0300,usd_mxn,18.184,18.188,0.02"
"2023-10-09T17:41:57-0300,btc_mxn,502170.0,502190.0,0.0"
"2023-10-09T17:41:58-0300,usd_mxn,18.184,18.188,0.02"
"2023-10-09T17:41:58-0300,btc_mxn,502170.0,502190.0,0.0"
"2023-10-09T17:41:59-0300,usd_mxn,18.184,18.188,0.02"
"2023-10-09T17:41:59-0300,btc_mxn,502170.0,502190.0,0.0"
"2023-10-09T17:42:00-0300,usd_mxn,18.184,18.188,0.02"
"2023-10-09T17:42:00-0300,btc_mxn,502170.0,502190.0,0.0"
"2023-10-09T17:42:00-0300,usd_mxn,18.184,18.188,0.02"
"2023-10-09T17:42:01-0300,btc_mxn,502170.0,502190.0,0.0"
"2023-10-09T17:42:02-0300,usd_mxn,18.184,18.188,0.02"
"2023-10-09T17:42:02-0300,btc_mxn,502170.0,502190.0,0.0"
"2023-10-09T17:42:03-0300,usd_mxn,18.184,18.188,0.02"
"2023-10-09T17:42:04-0300,btc_mxn,502170.0,502190.0,0.0"
"2023-10-09T17:42:04-0300,usd_mxn,18.184,18.188,0.02"
"2023-10-09T17:42:05-0300,btc_mxn,502170.0,502190.0,0.0"
"2023-10-09T17:42:05-0300,usd_mxn,18.184,18.188,0.02"
"2023-10-09T17:42:06-0300,btc_mxn,502170.0,502190.0,0.0"
"2023-10-09T17:42:06-0300,usd_mxn,18.184,18.188,0.02"
"2023-10-09T17:42:06-0300,btc_mxn,502170.0,502190.0,0.0"
"2023-10-09T17:42:07-0300,usd_mxn,18.184,18.188,0.02"
"2023-10-09T17:42:07-0300,btc_mxn,502170.0,502190.0,0.0"
"2023-10-09T17:42:08-0300,usd_mxn,18.184,18.188,0.02"
"2023-10-09T17:42:08-0300,btc_mxn,502170.0,502190.0,0.0"
"2023-10-09T17:42:09-0300,usd_mxn,18.184,18.188,0.02"
"2023-10-09T17:42:09-0300,btc_mxn,502170.0,502190.0,0.0"
"2023-10-09T17:42:10-0300,usd_mxn,18.184,18.188,0.02"
"2023-10-09T17:42:10-0300,btc_mxn,502170.0,502190.0,0.0"
"2023-10-09T17:42:11-0300,usd_mxn,18.184,18.188,0.02"
"2023-10-09T17:42:12-0300,btc_mxn,502170.0,502190.0,0.0"
"2023-10-09T17:42:12-0300,usd_mxn,18.184,18.188,0.02"
"2023-10-09T17:42:13-0300,btc_mxn,502170.0,502190.0,0.0"
"2023-10-09T17:42:13-0300,usd_mxn,18.184,18.188,0.02"
"2023-10-09T17:42:14-0300,btc_mxn,502170.0,502190.0,0.0"
"2023-10-09T17:42:14-0300,usd_mxn,18.184,18.188,0.02"
"2023-10-09T17:42:14-0300,btc_mxn,502170.0,502190.0,0.0"
"2023-10-09T17:42:15-0300,usd_mxn,18.184,18.188,0.02"
"2023-10-09T17:42:16-0300,btc_mxn,502170.0,502190.0,0.0"
"2023-10-09T17:42:16-0300,usd_mxn,18.184,18.188,0.02"
"2023-10-09T17:42:17-0300,btc_mxn,502170.0,502190.0,0.0"
"2023-10-09T17:42:17-0300,usd_mxn,18.184,18.188,0.02"
"2023-10-09T17:42:18-0300,btc_mxn,502170.0,502190.0,0.0"
"2023-10-09T17:42:18-0300,usd_mxn,18.184,18.188,0.02"
"2023-10-09T17:42:19-0300,btc_mxn,502170.0,502190.0,0.0"
"2023-10-09T17:42:19-0300,usd_mxn,18.184,18.188,0.02"
"2023-10-09T17:42:20-0300,btc_mxn,502170.0,502190.0,0.0"
"2023-10-09T17:42:20-0300,usd_mxn,18.184,18.188,0.02"
"2023-10-09T17:42:21-0300,btc_mxn,502170.0,502190.0,0.0"
"2023-10-09T17:42:21-0300,usd_mxn,18.184,18.188,0.02"
"2023-10-09T17:42:22-0300,btc_mxn,502170.0,502190.0,0.0"
"2023-10-09T17:42:22-0300,usd_mxn,18.184,18.188,0.02"
"2023-10-09T17:42:22-0300,btc_mxn,502170.0,502190.0,0.0"
"2023-10-09T17:42:23-0300,usd_mxn,18.184,18.188,0.02"
"2023-10-09T17:42:23-0300,btc_mxn,502170.0,502190.0,0.0"
"2023-10-09T17:42:24-0300,usd_mxn,18.184,18.188,0.02"
"2023-10-09T17:42:24-0300,btc_mxn,502170.0,502190.0,0.0"
"2023-10-09T17:42:25-0300,usd_mxn,18.184,18.188,0.02"
"2023-10-09T17:42:25-0300,btc_mxn,502170.0,502190.0,0.0"
"2023-10-09T17:42:26-0300,usd_mxn,18.184,18.188,0.02"
"2023-10-09T17:42:26-0300,btc_mxn,502170.0,502190.0,0.0"
"2023-10-09T17:42:26-0300,usd_mxn,18.184,18.188,0.02"
"2023-10-09T17:42:27-0300,btc_mxn,502170.0,502190.0,0.0"
"2023-10-09T17:42:28-0300,usd_mxn,18.184,18.188,0.02"
"2023-10-09T17:42:28-0300,btc_mxn,502170.0,502190.0,0.0"
"2023-10-09T17:42:29-0300,usd_mxn,18.184,18.188,0.02"
"2023-10-09T17:42:29-0300,btc_mxn,502170.0,502190.0,0.0"
"2023-10-09T17:42:30-0300,usd_mxn,18.184,18.188,0.02"
"2023-10-09T17:42:30-0300,btc_mxn,502170.0,502190.0,0.0"
"2023-10-09T17:42:30-0300,usd_mxn,18.184,18.188,0.02"
"2023-10-09T17:42:31-0300,btc_mxn,502170.0,502190.0,0.0"
"2023-10-09T17:42:31-0300,usd_mxn,18.184,18.188,0.02"
"2023-10-09T17:42:32-0300,btc_mxn,502170.0,502190.0,0.0"
"2023-10-09T17:42:32-0300,usd_mxn,18.184,18.188,0.02"
"2023-10-09T17:42:33-0300,btc_mxn,502170.0,502190.0,0.0"
"2023-10-09T17:42:33-0300,usd_mxn,18.184,18.188,0.02"
"2023-10-09T17:42:34-0300,btc_mxn,502170.0,502190.0,0.0"
"2023-10-09T17:42:34-0300,usd_mxn,18.184,18.188,0.02"
"2023-10-09T17:42:35-0300,btc_mxn,502170.0,502190.0,0.0"
"2023-10-09T17:42:35-0300,usd_mxn,18.184,18.188,0.02"
"2023-10-09T17:42:36-0300,btc_mxn,502170.0,502190.0,0.0"
"2023-10-09T17:42:36-0300,usd_mxn,18.184,18.188,0.02"
"2023-10-09T17:42:37-0300,btc_mxn,502170.0,502190.0,0.0"
"2023-10-09T17:42:37-0300,usd_mxn,18.184,18.188,0.02"
"2023-10-09T17:42:38-0300,btc_mxn,502170.0,502190.0,0.0"
"2023-10-09T17:42:38-0300,usd_mxn,18.184,18.188,0.02"
"2023-10-09T17:42:39-0300,btc_mxn,502170.0,502190.0,0.0"
"2023-10-09T17:42:39-0300,usd_mxn,18.184,18.188,0.02"
"2023-10-09T17:42:40-0300,btc_mxn,502170.0,502190.0,0.0"
"2023-10-09T17:42:40-0300,usd_mxn,18.184,18.188,0.02"
"2023-10-09T17:42:41-0300,btc_mxn,502170.0,502190.0,0.0"
"2023-10-09T17:42:41-0300,usd_mxn,18.184,18.188,0.02"
"2023-10-09T17:42:42-0300,btc_mxn,502170.0,502190.0,0.0"
"2023-10-09T17:42:42-0300,usd_mxn,18.184,18.188,0.02"
"2023-10-09T17:42:43-0300,btc_mxn,502170.0,502190.0,0.0"
"2023-10-09T17:42:43-0300,usd_mxn,18.184,18.188,0.02"
"2023-10-09T17:42:44-0300,btc_mxn,502170.0,502190.0,0.0"
"2023-10-09T17:42:44-0300,usd_mxn,18.184,18.188,0.02"
"2023-10-09T17:42:45-0300,btc_mxn,502170.0,502190.0,0.0"
"2023-10-09T17:42:45-0300,usd_mxn,18.184,18.188,0.02"
"2023-10-09T17:42:46-0300,btc_mxn,502170.0,502190.0,0.0"
"2023-10-09T17:42:46-0300,usd_mxn,18.184,18.188,0.02"
"2023-10-09T17:42:47-0300,btc_mxn,502170.0,502190.0,0.0"
"2023-10-09T17:42:47-0300,usd_mxn,18.184,18.188,0.02"
"2023-10-09T17:42:48-0300,btc_mxn,502170.0,502190.0,0.0"
"2023-10-09T17:42:48-0300,usd_mxn,18.184,18.188,0.02"
"2023-10-09T17:42:49-0300,btc_mxn,502170.0,502190.0,0.0"
"2023-10-09T17:42:49-0300,usd_mxn,18.184,18.188,0.02"
"2023-10-09T17:42:50-0300,btc_mxn,502170.0,502190.0,0.0"
"2023-10-09T17:42:50-0300,usd_mxn,18.184,18.188,0.02"
"2023-10-09T17:42:51-0300,btc_mxn,502170.0,502190.0,0.0"
"2023-10-09T17:42:51-0300,usd_mxn,18.184,18.188,0.02"
"2023-10-09T17:42:52-0300,btc_mxn,502170.0,502190.0,0.0"
"2023-10-09T17:42:52-0300,usd_mxn,18.184,18.188,0.02"
"2023-10-09T17:42:53-0300,btc_mxn,502170.0,502190.0,0.0"
"2023-10-09T17:42:53-0300,usd_mxn,18.184,18.188,0.02"
"2023-10-09T17:42:54-0300,btc_mxn,502170.0,502210.0,0.01"
"2023-10-09T17:42:54-0300,usd_mxn,18.184,18.188,0.02"
"2023-10-09T17:42:55-0300,btc_mxn,502170.0,502210.0,0.01"
"2023-10-09T17:42:55-0300,usd_mxn,18.184,18.188,0.02"
